score_raw,score_transform,age
972.061584488695,1000,30
969.184786988508,966.343142618365,40
968.670026020936,949.452894483189,50
967.887001178561,896.842067602785,60
965.870880530411,876.108572598596,70
965.277003797496,865.262385580613,30
965.005821593045,862.765406729914,40
964.088747487094,846.448391874904,50
963.443171725556,840.713922527213,60
962.546759393318,823.248690799647,70
962.159492387694,819.849082852563,30
961.938693713357,816.265676610835,40
961.594740350007,810.023736925197,50
961.292898013948,807.406336427709,60
960.940527947813,804.704336469306,70
960.303223187181,797.517614442215,30
959.878907768016,793.59696453087,40
959.751418249049,792.167303669936,50
959.300812431072,788.089286324355,60
959.208968559783,787.263259452333,70
958.715132967488,783.475709901755,30
958.442374389863,781.407412074103,40
957.950920539195,776.556423977616,50
957.461890141031,772.930665907657,60
957.162323602476,770.090968574835,70
957.095838025826,769.488969006541,30
956.81009432501,767.250953760711,40
956.356152413233,764.060235958064,50
955.952665630661,760.792251069228,60
955.845595131376,759.213973763362,70
955.581590787044,757.393561017116,30
955.419143523061,755.69033324331,40
955.089472383835,753.609519746977,50
954.970705268934,752.385558171964,60
954.892797923029,751.685699388987,70
954.679291427795,750.269370162574,30
954.62746460588,749.77294598973,40
954.075019202305,746.220750178173,50
953.897267622688,744.399893263406,60
953.739427788754,743.444015277662,70
953.515490575841,742.001660575308,30
953.468207415175,741.520133538218,40
953.409521145267,740.775580776805,50
953.318829614322,739.984403259367,60
953.143221724379,738.785636042429,70
952.828428760272,736.737969479377,30
952.758636508461,736.234111536904,40
952.714504003327,735.828492269788,50
952.525410092282,734.623673288553,60
952.364063053247,733.287098943421,70
952.241483642639,732.483146426752,30
952.134382283074,731.625313544641,40
952.05252178054,731.116820705686,50
951.971288065343,730.607028185533,60
951.919964051449,730.265705517101,70
951.839270446846,729.755710087727,30
951.741060023149,729.11641065902,40
951.674541306548,728.693098273627,50
951.510367176749,727.76177915566,60
951.431322273007,727.26779840667,70
950.982846017139,724.648119006852,30
950.734204911101,723.151736189634,40
950.384712722701,721.034768120795,50
950.12790477549,719.553926189405,60
949.964039859605,718.552043536273,70
949.94798557488,718.454413409665,30
949.843865754347,717.791263414078,40
949.673742628967,716.669725797189,50
949.552001361232,715.921714131478,60
949.428954262567,715.211484013188,70
949.342985963727,714.729549117528,30
949.281366996671,714.376374167647,40
949.23636157251,714.040022369376,50
948.868567652615,711.993635841517,60
948.828193682373,711.698413888555,70
948.817521397227,711.492279797802,30
948.56892831791,710.06498539914,40
948.474756542756,709.52465820566,50
948.364841510354,708.91436695623,60
948.349677144605,708.795113035256,70
948.307516831624,708.479293092254,30
948.259620762474,708.136655624356,40
948.131317141112,707.422421767217,50
947.63799288426,704.648995881523,60
947.54368824011,704.111892995001,70
947.474830720726,703.644079774272,30
947.315818080067,702.747505518688,40
947.210788202923,702.16209363485,50
947.130827559229,701.40360122014,60
947.0860665711,701.150912216736,70
947.041636922294,700.791308200272,30
946.945763671906,700.249869133943,40
946.898060583772,699.996310640342,50
946.859884626269,699.780463691688,60
946.62655601998,698.486314529686,70
946.607716889136,698.330629343474,30
946.591745006128,698.129548928149,40
946.451207172714,697.298093500264,50
946.363109081455,696.770159786009,60
946.249671107683,696.072699405019,70
946.077245514087,695.135210975933,30
946.044764613922,694.782039005806,40
946.015780214286,694.47405220713,50
945.971622136687,694.16283563553,60
945.925368363734,693.891155105174,70
945.876444260631,693.514072015189,30
945.859573050071,693.409005951151,40
945.784456114444,692.961317213183,50
945.551983137195,691.670682141777,60
945.374021227235,690.604203597382,70
945.206018883966,689.717075421156,30
945.193732918452,689.645488483182,40
945.03468306628,688.823493022403,50
944.861065038353,687.952239314043,60
944.806264357595,687.548025467497,70
944.669524969632,686.766938120907,30
944.587263232728,686.348634031676,40
944.512455617731,685.926525118119,50
944.257380148991,684.623779275726,60
944.220526246601,684.43102112783,70
944.167281324716,684.085546944709,30
944.049069498476,683.459197243986,40
943.829791642141,682.36325206178,50
943.761805009742,682.013624093636,60
943.694728979289,681.646232121401,70
943.652077893708,681.300188573813,30
943.605384284159,680.971136716812,40
943.573705059968,680.769962642531,50
943.533770788165,680.566797440556,60
943.438857269831,680.038931170117,70
943.426440541736,679.914184025381,30
943.409139846426,679.753928674353,40
943.369901002417,679.523464832276,50
943.333357110487,679.327906366375,60
943.156801447054,678.236425191427,70
942.994997047929,677.302337569374,30
942.745148802948,675.908622887046,40
942.68494867767,675.597830015291,50
942.650212672179,675.407135359798,60
942.594187783867,675.111173963173,70
942.522796990444,674.499788004102,30
942.417062468776,673.926217808962,40
942.371014875938,673.608240019045,50
942.339239267951,673.443980520721,60
942.263492368147,673.065896736395,70
942.177789916843,672.5989892543,30
942.115006521193,672.291080286195,40
941.978785319036,671.611750073822,50
941.918674585052,671.205835563704,60
941.834384789118,670.725634209912,70
941.718970966068,670.13490152749,30
941.670497257422,669.845267436085,40
941.631331823293,669.604434593723,50
941.600162895687,669.418437508153,60
941.593673746633,669.353377154367,70
941.560655129356,669.182833324551,30
941.472949561537,668.756482748438,40
941.393007878623,668.373115223177,50
941.249841727572,667.681549094502,60
941.141471235566,667.134468395688,70
941.120978197201,667.033145067328,30
940.942969419514,666.061112180404,40
940.81402041856,665.221090824349,50
940.755679841243,664.946140756499,60
940.699024265859,664.681532340337,70
940.655725660698,664.281986775651,30
940.575952247727,663.835278478635,40
940.54301401072,663.665844769422,50
940.501304746821,663.410098294065,60
940.423900888726,662.951795548772,70
940.389356187501,662.611437365804,30
940.374629306008,662.519992535571,40
940.287408520989,662.112625444859,50
940.131723114203,661.295571817137,60
940.085224852662,660.980644681525,70
939.808054703033,659.645165992906,30
939.789202565918,659.546393000521,40
939.704556870308,659.148869580512,50
939.650135638006,658.861638520523,60
939.606227858969,658.64362943803,70
939.535602502646,658.244030690449,30
939.449283211436,657.654239766154,40
939.356986949598,656.925304420358,50
939.303967969119,656.658019443284,60
939.2444436823,656.285426012111,70
939.207742709643,656.109538308724,30
939.170116706484,655.917593618291,40
939.080505608292,655.473833680268,50
939.03825135448,655.268392814588,60
938.975986580587,654.890377050861,70
938.850601668784,654.306773636807,30
938.757181758416,653.859881797764,40
938.697017839253,653.585610559775,50
938.601409968708,653.035487569654,60
938.141768862327,650.994762099942,70
937.98435925925,650.285630453923,30
937.874345287718,649.789744591614,40
937.832028814037,649.578224219385,50
937.757347214166,649.106277758172,60
937.599798430435,648.299404067109,70
937.538196539721,648.017773706413,30
937.473037623723,647.581457296489,40
937.464325667087,647.470927822826,50
937.39125635026,647.132358027292,60
937.356025651469,646.971271335595,70
937.291965993994,646.629339342171,30
937.278419312502,646.507471028478,40
937.260466744525,646.405487012727,50
937.236007086161,646.238773082345,60
937.165004090062,645.859603079899,70
937.088995516012,645.521480603152,30
936.94822034572,644.812818846988,40
936.908557233098,644.629739827402,50
936.889738597087,644.522472870014,60
936.766874036252,643.993997497169,70
936.710369024062,643.714284417563,30
936.635284663721,643.318021421284,40
936.56545136275,642.944918195825,50
936.487330239274,642.565664352296,60
936.40522167535,642.162410944459,70
936.303533966827,641.732172888709,30
936.276266472855,641.614392676767,40
936.234844039264,641.432189955102,50
936.222510482012,641.368476238677,60
936.185132858136,641.126559839242,70
936.149503413518,640.965676393535,30
936.088556834545,640.623380750959,40
935.971609471858,640.099329876993,50
935.941272194053,639.942998506223,60
935.902619681275,639.755555448888,70
935.81906034041,639.401368782229,30
935.742313147526,638.924199492313,40
935.719632767979,638.805008698172,50
935.70228567963,638.719104870204,60
935.659128432273,638.503047594635,70
935.628486052385,638.351171043861,30
935.59090282751,638.176571391459,40
935.538773942952,637.942219044859,50
935.448283302539,637.554860557539,60
935.417166740058,637.360784389406,70
935.283151934774,636.773171905491,30
935.192790303896,636.338384692611,40
935.094653063401,635.857283371164,50
935.059489512557,635.670169463703,60
935.008893931249,635.432603471875,70
934.995267993284,635.365591370889,30
934.974468808464,635.271415852719,40
934.858928247839,634.768991874815,50
934.821813083256,634.549510219365,60
934.782283635891,634.38035252973,70
934.722492205341,634.095628817074,30
934.617855247947,633.654699415965,40
934.554592786984,633.334116792838,50
934.481041308914,633.008776463881,60
934.41331153058,632.717425822067,70
934.385382357626,632.538603363596,30
934.365464615453,632.42521255155,40
934.348936423951,632.351727174401,50
934.281386595142,631.953026882709,60
934.262873737591,631.819583741966,70
934.248761325749,631.754965741499,30
934.17311178868,631.426404150552,40
934.151349777943,631.271098836178,50
934.12359101212,631.15412301441,60
934.06140192099,630.840199342515,70
934.005371980393,630.577913829724,30
933.94314457064,630.261515734069,40
933.871380392164,629.933385921592,50
933.844893138756,629.767776151117,60
933.817853563066,629.630341158683,70
933.785298639311,629.478130890279,30
933.761397620894,629.359033199338,40
933.731471766814,629.214662936427,50
933.678312174304,628.982645249489,60
933.554186408874,628.432410257354,70
933.481488855531,628.076205945979,30
933.447442595337,627.918101937603,40
933.316388858694,627.345974383381,50
933.161220809223,626.696990168006,60
933.121875680694,626.496745694308,70
933.066728676068,626.250992246653,30
933.025228981337,626.079913756337,40
932.909034638687,625.616168255863,50
932.804123348317,625.127893224557,60
932.662825088224,624.523993165554,70
932.591397577572,624.233800452159,30
932.57313949209,624.15539868254,40
932.553104834462,624.075135649655,50
932.414533460968,623.498196632918,60
932.37377869503,623.296087425515,70
932.243017274324,622.766634239695,30
932.225902941425,622.64492286276,40
932.177094543308,622.443496749577,50
932.1209248626,622.180609327315,60
932.109526171065,622.134122864281,70
932.054748063563,621.805780962371,30
932.027149799369,621.621590470087,40
931.98305173521,621.429250632697,50
931.832023932031,620.760411627881,60
931.63549208994,619.996202967832,70
931.60211622321,619.867510607723,30
931.568181424197,619.71655872395,40
931.545401170639,619.619318758152,50
931.442204693199,619.193671821489,60
931.384279398742,618.937207905564,70
931.290002611654,618.538742973121,30
931.255368359637,618.381263471662,40
931.226852752562,618.251759352266,50
931.162162250062,617.975692405241,60
931.119853164428,617.797654794742,70
931.083575334994,617.646312559745,30
931.063880186193,617.562266175141,40
931.025481606172,617.360748434409,50
931.014250813086,617.313400911852,60
930.929267325817,616.938357522888,70
930.819510749553,616.457523162027,30
930.742578197772,616.152016200033,40
930.627723016731,615.685643775124,50
930.618996923793,615.615927090606,60
930.614638544312,615.597677531304,70
930.546041799163,615.316678305856,30
930.505926039835,615.158858616627,40
930.447644380151,614.917964258654,50
930.411482089076,614.780084631137,60
930.391706470231,614.678953439573,70
930.366485772365,614.536469413237,30
930.324987242825,614.341552796993,40
930.236422793225,613.978484012917,50
930.18068289241,613.71853177571,60
930.157039465846,613.559955392586,70
929.953403769824,612.7337810762,30
929.762239460219,611.927433787732,40
929.648980474138,611.416694683516,50
929.57750534668,611.143687405882,60
929.507906432187,610.818391547908,70
929.47638529145,610.675410063691,30
929.44166568112,610.515242307455,40
929.433885862477,610.466933467062,50
929.40049853782,610.274022163925,60
929.281986854583,609.812588886823,70
929.26151898411,609.721058883073,30
929.239486796065,609.631043217831,40
929.115599515003,609.156975335168,50
929.076701429599,608.962427458453,60
929.012336704588,608.719578752035,70
928.933145700213,608.422179688405,30
928.844444671783,608.032067560486,40
928.811066938013,607.877767414686,50
928.729417194979,607.536003638888,60
928.673034775938,607.27862955204,70
928.638624218554,607.11567393081,30
928.606517096011,606.939099555147,40
928.571825381183,606.797255087931,50
928.563294218345,606.751160357607,60
928.548753021754,606.690564590277,70
928.521240639733,606.561253641436,30
928.496292790831,606.46749897936,40
928.392728241058,606.035120510568,50
928.358838691163,605.897830714682,60
928.306329961533,605.640884545935,70
928.268321349361,605.47676778917,30
928.257701379289,605.43328972067,40
928.11925525142,604.887288900599,50
928.024581921895,604.527884413113,60
927.898336882969,604.043442981737,70
927.769710737381,603.519765539951,30
927.754493978582,603.458716548926,40
927.704084260873,603.165744891277,50
927.695530410469,603.128133610235,60
927.681129599054,603.070302680479,70
927.649668689302,602.891873434022,30
927.555702720447,602.530327831786,40
927.504433878205,602.302743081682,50
927.502352717174,602.284721806837,60
927.450242315495,601.880762102585,70
927.400768138427,601.659988602796,30
927.365718355833,601.506875289561,40
927.310130977888,601.166848786605,50
927.212515153611,600.723473384161,60
927.169179896699,600.562216276372,70
927.145781616005,600.473308512452,30
927.014274634172,599.992141094324,40
926.959208032209,599.746461262039,50
926.952732150298,599.711529012667,60
926.877407232383,599.428284039272,70
926.79537664284,599.124532865763,30
926.690894234806,598.670502030209,40
926.650690982342,598.528118064536,50
926.61706592657,598.326632398207,60
926.580757884862,598.163458542487,70
926.537129656065,597.942588516631,30
926.475761208197,597.725857039928,40
926.398785218116,597.424829029389,50
926.376382443747,597.268640849526,60
926.30894999326,597.006024466367,70
926.284145377448,596.912347583612,30
926.242088003706,596.755868542066,40
926.205022808204,596.603712062857,50
926.154766689058,596.360936334474,60
926.13844574399,596.243054657577,70
926.084768698036,595.998828360758,30
926.000806707752,595.648387888203,40
925.973824422924,595.502765955096,50
925.939301922295,595.29860451488,60
925.873349897995,595.002145698404,70
925.812169110374,594.768501926452,30
925.709723727482,594.368874939214,40
925.657520581522,594.175812340325,50
925.647258268596,594.121771847892,60
925.583775870695,593.839585271951,70
925.51159061952,593.550036067004,30
925.479410100944,593.428818101165,40
925.426500664498,593.187359662389,50
925.416899802343,593.148851706092,60
925.387462143124,593.032671360608,70
925.349710973068,592.880139422543,30
925.313993173926,592.735554422405,40
925.307468930822,592.680501969466,50
925.286333974559,592.591749972346,60
925.252253411539,592.470778264252,70
925.117944120993,591.941833322848,30
925.107166666469,591.849353771303,40
925.064482616519,591.687158082442,50
925.032746927866,591.573824242071,60
924.977545342636,591.322803254547,70
924.890990353112,591.014260113087,30
924.846190135722,590.79119071051,40
924.827425337591,590.670206237059,50
924.797160667126,590.549514559732,60
924.745609323277,590.32542811111,70
924.657174092046,589.989992695457,30
924.569179376876,589.676138744278,40
924.547252601415,589.590953929716,50
924.520534969864,589.493190586046,60
924.4352515416,589.157809502895,70
924.411988580962,589.063995716739,30
924.304986016678,588.662294959002,40
924.176133280293,588.188205547522,50
924.080585419475,587.827624875786,60
924.010863493332,587.579391334251,70
923.9836677297,587.470989614274,30
923.935616143387,587.285777143599,40
923.885090476803,587.096307828086,50
923.823864368629,586.854800312843,60
923.779937739323,586.690927159421,70
923.668245475158,586.317679377857,30
923.644265778281,586.171165260816,40
923.578033207936,585.924117337944,50
923.507256366662,585.649248991812,60
923.422331072501,585.319250571037,70
923.373661587994,585.146179007466,30
923.302513417699,584.869188011055,40
923.270302181588,584.743416545838,50
923.18429207574,584.372161143253,60
923.151608068189,584.249840250625,70
923.147477042817,584.223285269309,30
923.13493512599,584.135446313531,40
923.107088417507,584.019221381133,50
923.026984418228,583.712988593068,60
922.951335540848,583.424445012934,70
922.896937050043,583.218158553763,30
922.854358951513,583.064597060128,40
922.775645353968,582.741505822164,50
922.709582583707,582.499291882728,60
922.648376925629,582.238045338604,70
922.570058016426,581.870147488728,30
922.53105577613,581.727765914863,40
922.484499636881,581.528374513249,50
922.448869133763,581.393153004072,60
922.407138935538,581.222089846059,70
922.383286980496,581.134167150591,30
922.344625499226,580.971380853257,40
922.285570554538,580.762313757873,50
922.218451211625,580.527759067213,60
922.151049318956,580.286895184751,70
922.063254140176,579.95108744715,30
921.979322057457,579.640231304823,40
921.964694095308,579.587887844847,50
921.895760751322,579.322235742988,60
921.871254421442,579.196230143758,70
921.862780413248,579.145336684004,30
921.719809585114,578.668483912339,40
921.706711328838,578.61679365539,50
921.608940765617,578.290938212206,60
921.579425402389,578.142547920886,70
921.541003975502,578.005345602273,30
921.478220731267,577.791487826753,40
921.433072589488,577.60714101254,50
921.421066979599,577.535763091923,60
921.374119855571,577.3804511249,70
921.333329740713,577.228438827238,30
921.328456571154,577.20084520493,40
921.263167996438,576.964139066567,50
921.25585295924,576.93513871306,60
921.189171255294,576.715145142791,70
921.148945243635,576.577901426882,30
921.130371581885,576.514542306408,40
921.104403215286,576.415593372589,50
920.929065551865,575.836809762775,60
920.824550558574,575.480256636789,70
920.777975047952,575.314605235432,30
920.747059727944,575.206465511907,40
920.736457764383,575.150450018391,50
920.728767507453,575.089567191772,60
920.715966838259,574.912601972266,70
920.699807464367,574.814754141232,30
920.634101706904,574.587614899437,40
920.626554979103,574.546904067201,50
920.561805944333,574.27761420645,60
920.408730753732,573.760444542805,70
920.364580681789,573.589657737302,30
920.281425996087,573.253728526635,40
920.200252594804,572.981250978939,50
920.144339199111,572.709686095524,60
920.095649363588,572.520994441725,70
920.066853065643,572.381174920664,30
919.978695758903,572.069934018322,40
919.91436801448,571.827824096366,50
919.898197758028,571.771353630791,60
919.882802749726,571.70051642154,70
919.805894807462,571.444975852014,30
919.760784019289,571.262582331133,40
919.6477181699,570.905141994531,50
919.622257409404,570.81508774549,60
919.542347998822,570.541221101807,70
919.460806564803,570.27486885398,30
919.414323618298,570.119404985871,40
919.365851750756,569.853441844106,50
919.330366592067,569.735248942421,60
919.272323067808,569.529639014111,70
919.224279780266,569.362600481358,30
919.202929455051,569.280572074991,40
919.133215834422,569.028762812173,50
919.072193198092,568.777103164892,60
918.997564343766,568.513734167409,70
918.965215811605,568.374897113493,30
918.908915140656,568.185606941442,40
918.851794167663,567.98977919969,50
918.532439567617,566.994319988222,60
918.48952210861,566.837902748641,70
918.420024444617,566.610210421034,30
918.334246054726,566.32020471724,40
918.276483528057,566.111091950738,50
918.224230350665,565.95323304417,60
918.213576629027,565.917213340173,70
918.199706268421,565.854486577401,30
918.145846944089,565.627929784679,40
918.099440482929,565.460557032673,50
918.071394603564,565.33392875191,60
918.055864770048,565.25817112334,70
918.038548117553,565.187642455091,30
918.016765642158,565.107845374627,40
917.956017703862,564.910253196207,50
917.894984066353,564.714261016956,60
917.821288531078,564.462231886525,70
917.755645480008,564.226137131004,30
917.55655938995,563.610481653153,40
917.48567192698,563.362947690402,50
917.437512930476,563.207695966722,60
917.412716477157,563.124357116823,70
917.332107530981,562.856607150242,30
917.320332653499,562.811676715312,40
917.298612930289,562.716385382258,50
917.229062319429,562.489490247922,60
917.222189943336,562.446144601833,70
917.202694601436,562.363742154606,30
917.178729360826,562.282225468719,40
917.165486177511,562.22513185941,50
917.114586913902,562.032175656828,60
916.962112819585,561.53914981403,70
916.931619201327,561.430246175022,30
916.888055748558,561.280328598301,40
916.820074741611,561.037228731434,50
916.783175447469,560.795548844657,60
916.701301109644,560.523955341322,70
916.658929071112,560.34373014022,30
916.631003782067,560.219738064675,40
916.569404766885,560.029982861859,50
916.474559467506,559.745316383531,60
916.432214626248,559.598290120253,70
916.409784695652,559.490149272807,30
916.368133562545,559.345317218892,40
916.327024008043,559.196235066665,50
916.308501876984,559.122540824904,60
916.214567965831,558.831041978274,70
916.197408284326,558.737748409403,30
916.169875683734,558.586440145934,40
916.069013639782,558.292759515485,50
916.005225504117,558.045692234029,60
915.964750985458,557.919171998252,70
915.832211902708,557.440617491363,30
915.783377318423,557.288424895056,40
915.720722277855,556.967472283076,50
915.676287988253,556.829473975742,60
915.639470375621,556.696075200349,70
915.509856119348,556.311304076711,30
915.285688939866,555.628894678308,40
915.258852520362,555.51381142228,50
915.220899275642,555.369833362118,60
915.088525415888,554.951754194322,70
914.964642644613,554.594167983636,30
914.95659596041,554.56546303322,40
914.907710550263,554.408192711714,50
914.865293025153,554.256444123736,60
914.784443985203,553.928657232799,70
914.735721104711,553.765937005247,30
914.639701228084,553.458983855669,40
914.623341026983,553.379861880034,50
914.59276087306,553.288988497908,60
914.566307218179,553.19573132237,70
914.534009891369,553.02887828023,30
914.511306852998,552.926026998396,40
914.39734027738,552.525597139944,50
914.384421304151,552.399545884416,60
914.276292688879,552.061555443575,70
914.269118903883,552.038944191132,30
914.194372391063,551.807438537646,40
914.141412938397,551.609826851181,50
914.105515034549,551.480058079514,60
914.104916412983,551.475791934758,70
914.094164760964,551.421885046482,30
914.072849252736,551.345952060319,40
914.042095815309,551.241050091748,50
913.947084819862,550.92947550314,60
913.88627243623,550.701867899669,70
913.835136998225,550.538466145024,30
913.813199636057,550.474280353902,40
913.765749014589,550.330614289835,50
913.733337136942,550.204459711649,60
913.707702029347,550.098737383583,70
913.653346387427,549.930224361697,30
913.619367882827,549.814227086846,40
913.540752696492,549.578099135019,50
913.52518663691,549.512758486565,60
913.50678225156,549.43385755957,70
913.459384958813,549.2569238485,30
913.35830055569,548.943792601968,40
913.327698441502,548.848893501691,50
913.310157498916,548.780624583344,60
913.204001366589,548.440430846672,70
913.170597351365,548.341111705651,30
913.13055107574,548.197740320751,40
913.119299604364,548.144755431913,50
913.080092595243,547.98269624952,60
913.041924488768,547.861794196314,70
912.957720869004,547.571637771161,30
912.694116389,546.805304652754,40
912.690013658244,546.780519276464,50
912.592305809504,546.455770008496,60
912.560683757302,546.351435267718,70
912.532428856324,546.259709086998,30
912.449663153561,546.010860720851,40
912.428878355052,545.937794888488,50
912.406739719441,545.7576200138,60
912.385015714887,545.64132805974,70
912.373393026944,545.599903648004,30
912.295776825536,545.34598934848,40
912.260605068363,545.137866542951,50
912.223474920118,544.966341453837,60
912.214359052517,544.924716446096,70
912.164364201603,544.763313430289,30
912.155511288983,544.736112855165,40
912.100092062304,544.540812226969,50
912.056313810645,544.397538741354,60
912.019843016905,544.290931389088,70
911.999162689476,544.210012290412,30
911.974217458588,544.134758891558,40
911.964455726831,544.068036850024,50
911.895596371418,543.849209145914,60
911.849694035506,543.706731550831,70
911.712371405356,543.319944843938,30
911.658646624073,543.156634569955,40
911.586130561124,542.924431836406,50
911.577607640956,542.891175221636,60
911.531067876413,542.729335171118,70
911.503223439803,542.637383354606,30
911.469553138061,542.516557147027,40
911.354177916773,542.113720243047,50
911.317775125861,542.005648885704,60
911.157420878583,541.563225030487,70
911.14399446639,541.498846533732,30
911.040536595731,541.171422176029,40
911.027170630607,541.130440288185,50
910.845941064639,540.628538908436,60
910.734834178576,540.255131452684,70
910.706275711089,540.16071188284,30
910.621977959178,539.84138155556,40
910.608919801825,539.796584681798,50
910.523332756286,539.51113161948,60
910.469035748033,539.359365736505,70
910.415416438969,539.20973213032,30
910.406813633905,539.178710183367,40
910.310723892661,538.858989303501,50
910.290836810118,538.783330008326,60
910.256179376108,538.641951593235,70
910.203609970522,538.462025049074,30
910.188156051395,538.378911903892,40
910.167923489564,538.2651271104,50
910.141136074234,538.168495034289,60
910.088013654458,537.984868630949,70
910.074436067745,537.930112479208,30
910.045666280568,537.830052118468,40
909.892756946716,537.418189731771,50
909.8500636671,537.274246292268,60
909.833246941317,537.159816165647,70
909.721612493668,536.842594646825,30
909.70827587935,536.786697802561,40
909.549690761776,536.276111488666,50
909.510338541788,536.164899037462,60
909.46064129604,536.00384773288,70
909.419146285064,535.879282971985,30
909.388933825561,535.774906644308,40
909.303204865664,535.53296290521,50
909.234927478156,535.347910629591,60
909.175208053142,535.163238404966,70
909.1359705792,535.050988613921,30
909.072276385699,534.851471146134,40
909.041216402748,534.742502263863,50
908.894713746341,534.325191549521,60
908.886500919688,534.297526462044,70
908.856817129771,534.209909447789,30
908.816008003046,534.07448555481,40
908.71556753188,533.746025348014,50
908.688235126282,533.660645767929,60
908.658800796219,533.570865759336,70
908.623843920112,533.47580117937,30
908.568131734105,533.316715065726,40
908.561190616851,533.245036395244,50
908.53349721963,533.141944828637,60
908.470671576421,532.964133948333,70
908.444049270596,532.868782566649,30
908.438568605674,532.846934029957,40
908.416299027352,532.784626409339,50
908.341122653109,532.531382982377,60
908.300011977053,532.395199437047,70
908.281339996961,532.310824170491,30
908.250774996579,532.217388293582,40
908.183576393152,531.985728553006,50
908.166266344599,531.909225009187,60
908.148111917179,531.849198463914,70
908.090402733743,531.660858242313,30
908.011392810957,531.442657026428,40
907.958223170455,531.264862999394,50
907.886808320061,531.00818304206,60
907.849256730743,530.902402469588,70
907.794164729203,530.736273949781,30
907.729696529833,530.559850429217,40
907.698130193208,530.453980253402,50
907.617500869993,530.213402173636,60
907.557657554825,530.043916641956,70
907.498440365043,529.834941507016,30
907.423559516629,529.614411009405,40
907.343756233793,529.374466142511,50
907.27835783227,529.154650234053,60
907.238176256056,529.027659261278,70
907.072180858604,528.497149016553,30
907.040245001967,528.319813168083,40
906.951079795396,528.094853124814,50
906.919643447596,527.970977788666,60
906.883712686252,527.860844612948,70
906.844613781611,527.745850561329,30
906.802393956278,527.599503223445,40
906.671056931471,527.161094699754,50
906.638300294318,527.022975466231,60
906.56758411432,526.810032774561,70
906.471574239325,526.565407129772,30
906.412611274725,526.404402119595,40
906.392290966797,526.349837322983,50
906.351618640234,526.228109532108,60
906.309503057931,526.090490137935,70
906.247541890709,525.928528281175,30
906.217605820877,525.849337216624,40
906.15407880551,525.653952015064,50
906.136516459818,525.60117767153,60
906.121190611009,525.517310358965,70
906.060251583951,525.342333430013,30
906.040386584715,525.212114952233,40
905.981551392545,525.028029080153,50
905.950048734513,524.939011535095,60
905.907277911546,524.767176961753,70
905.857335386504,524.629470458344,30
905.739191975385,524.285853293573,40
905.730237468083,524.201434296266,50
905.685296445725,524.046626308491,60
905.679323400518,524.010073238091,70
905.659955466805,523.947741783462,30
905.588837263109,523.718983107846,40
905.502860955055,523.485962248842,50
905.454381675581,523.360461074667,60
905.436171113802,523.305661341395,70
905.374432362643,523.135599229599,30
905.297611559784,522.936973195829,40
905.257793810133,522.81099579065,50
905.226941959559,522.702152595041,60
905.149103342885,522.505618635324,70
905.048206854873,522.220891764229,30
905.015697827807,522.11224048219,40
904.970361539831,521.959963892135,50
904.933578670052,521.831842619494,60
904.83068840808,521.540331487269,70
904.759415083916,521.337749670939,30
904.726029902326,521.216970665244,40
904.718587242433,521.140439985122,50
904.648887383301,520.940997387331,60
904.619060119471,520.850226368714,70
904.447852121047,520.42120184857,30
904.430945661565,520.336351948718,40
904.353201031311,520.116015981822,50
904.341588735785,520.015985912207,60
904.248460167469,519.782268761602,70
904.190880116493,519.603261218498,30
903.98810518793,519.096828740229,40
903.939440006323,518.966445501207,50
903.873373882182,518.728297166231,60
903.855212064614,518.638020636025,70
903.800535371218,518.45293483806,30
903.791513405913,518.423252940605,40
903.726752071796,518.224689889048,50
903.648668781343,517.944381045552,60
903.557333235891,517.699694776962,70
903.523236688296,517.590980266542,30
903.408548469345,517.315085471583,40
903.247040649246,516.887492619181,50
903.227876285254,516.816981112646,60
903.176182679295,516.676877453841,70
903.11943101528,516.507028696324,30
903.086441722061,516.414235534012,40
903.076763082755,516.378148422123,50
902.980218130711,516.096382336077,60
902.896959665498,515.864511576144,70
902.885422590764,515.782890255928,30
902.855354484271,515.66423351279,40
902.820983116903,515.536566963747,50
902.796477775382,515.462996438834,60
902.78187904916,515.403060926891,70
902.773116306699,515.308819407711,30
902.735055355221,515.211732648857,40
902.662531911018,514.996173478578,50
902.645074635025,514.91799954116,60
902.561684731904,514.672107733514,70
902.508686307576,514.514189869861,30
902.47928645581,514.431439466069,40
902.434586586461,514.236643108321,50
902.384918789374,514.077937059666,60
902.224562632616,513.625586103559,70
902.175475205941,513.48802036705,30
902.04238927501,513.160374145053,40
901.983991415513,512.995193812585,50
901.909374403681,512.75754808214,60
901.895571276696,512.719876330946,70
901.886243092695,512.65257379914,30
901.790945064324,512.425674925583,40
901.768377060228,512.315106327475,50
901.728795947154,512.15724088355,60
901.69253740303,511.984385712742,70
901.681508321112,511.922472496825,30
901.658555188554,511.851110246911,40
901.592953227744,511.67938630295,50
901.543092587215,511.557278599583,60
901.496949841462,511.407301782227,70
901.469311948284,511.320655998538,30
901.430182208837,511.19610926675,40
901.341990178783,510.972593861566,50
901.30066683651,510.862447289709,60
901.275702273645,510.796416230419,70
901.159337933806,510.480207502753,30
901.078719706281,510.181835993637,40
901.024636661191,510.055016847627,50
900.974206378481,509.894918887988,60
900.942632375972,509.79346861975,70
900.919327114499,509.730035034153,30
900.848975000505,509.494413804111,40
900.763304373294,509.274748744204,50
900.67915990101,509.024506098963,60
900.65981475515,508.929391597501,70
900.572153184468,508.702396679631,30
900.504980293159,508.509647116953,40
900.422771847818,508.30646772289,50
900.31276170148,508.015141326541,60
900.259809152297,507.827460577561,70
900.19996904753,507.642239230176,30
900.184800597791,507.580239386457,40
900.080236937534,507.324488238796,50
900.02202728245,507.134471566697,60
899.996234518731,507.05750148785,70
899.956883041262,506.94034543418,30
899.900505334107,506.736591929433,40
899.879865700306,506.665185856328,50
899.864539571191,506.622319045951,60
899.82715057968,506.529116646532,70
899.741031175323,506.32980519548,30
899.682834985972,506.1307866869,40
899.674205248746,506.08126494753,50
899.597804402274,505.888971755551,60
899.551148961722,505.740405450203,70
899.493837997954,505.598033066361,30
899.427655488042,505.424286987616,40
899.363607390857,505.228908850317,50
899.335598471206,505.105940878999,60
899.318832169818,505.057424249761,70
899.255408799731,504.880768629543,30
899.176785825255,504.613011207766,40
899.165957160873,504.578252727738,50
899.12105459761,504.429590890135,60
899.098197529875,504.349181783957,70
899.063295643645,504.224894266353,30
899.0322039585,504.128726092053,40
898.838408050812,503.620165623846,50
898.765485568583,503.401505780401,60
898.703323417644,503.244092643838,70
898.629155535021,503.033192561634,30
898.580720898116,502.894230989695,40
898.523647831762,502.749560979441,50
898.459539900867,502.460728076816,60
898.435489248924,502.343290425459,70
898.41145428658,502.273453998345,30
898.342404192053,502.038301966445,40
898.318779856685,501.960969338093,50
898.226514469663,501.723303603173,60
898.214567828565,501.679774574316,70
898.211367167157,501.663772241017,30
898.176924584851,501.578218944673,40
898.100041892297,501.342573978971,50
898.089052183625,501.315658671912,60
898.084088184874,501.286347904047,70
898.04355667041,501.089103176168,30
897.993779147343,500.94529815057,40
897.964976345609,500.863395878991,50
897.946968583918,500.783858307248,60
897.917722317393,500.711215610314,70
897.896373452735,500.655085053662,30
897.775868613408,500.376061192694,40
897.718056808934,500.234728714219,50
897.654935027674,500.057060237895,60
897.630250145973,499.980025664242,70
897.540380127246,499.777626152891,30
897.528170918035,499.729021071403,40
897.486460383077,499.598635495407,50
897.479317040284,499.577723421343,60
897.379829591314,499.330373520537,70
897.282347125462,499.08906779217,30
897.261125665453,498.990162656509,40
897.204144177627,498.840218323732,50
897.161800448649,498.623557420326,60
896.987979769797,498.235388130516,70
896.949233311958,498.130564691754,30
896.886839751955,497.947947722592,40
896.85667144459,497.844475435252,50
896.814983921946,497.720851797395,60
896.776614700366,497.633830993125,70
896.756911182277,497.585166754313,30
896.671559918573,497.374058914612,40
896.598328312164,497.179110864261,50
896.518938012822,496.962441592729,60
896.359354444339,496.579332346617,70
896.206184372004,496.183852079165,30
896.085141962582,495.878363680693,40
895.965186715616,495.483295180582,50
895.915495619926,495.312138444865,60
895.784656635619,494.967599536996,70
895.767274246555,494.900983517636,30
895.747067737271,494.828947890772,40
895.735781698028,494.786037511664,50
895.695583061023,494.682019251784,60
895.684919581695,494.63788659156,70
895.559465466607,494.347578193786,30
895.533438469469,494.268174954552,40
895.471423422065,494.077575390485,50
895.46183567852,494.039944124086,60
895.408382253997,493.880364894119,70
895.3444069768,493.696235580372,30
895.306415834314,493.511150136521,40
895.289813632507,493.463208268977,50
895.276253738038,493.417076633277,60
895.203170990763,493.212211790393,70
895.107261859126,492.95953118477,30
895.027392600992,492.703399933986,40
895.004613038447,492.609730491266,50
894.969092861161,492.508616927781,60
894.838067239639,492.184822825301,70
894.820337264923,492.111853269882,30
894.747127830994,491.865101321391,40
894.70582704838,491.746002107641,50
894.674069996904,491.623545246401,60
894.594996067257,491.442588132055,70
894.541540029029,491.302235082923,30
894.469859159349,491.049071532474,40
894.409993400302,490.858428873307,50
894.307136013729,490.634417101349,60
894.208371545685,490.347338925143,70
894.181090240794,490.24160628284,30
894.153123426853,490.132845422476,40
894.087931981648,489.946164774789,50
894.064462132328,489.884420388284,60
894.017288728353,489.703625291296,70
893.910017240073,489.449642077047,30
893.870480189345,489.291182970749,40
893.792480588937,489.023940214204,50
893.744034111741,488.896442767892,60
893.70385463637,488.800890728319,70
893.650545022639,488.686404179417,30
893.565284988727,488.431717840998,40
893.551924608128,488.39265981633,50
893.518748910451,488.274362549171,60
893.455563365295,488.077078005185,70
893.448872979379,488.016900324465,30
893.39862604623,487.864339233357,40
893.352735397907,487.74448495929,50
893.254105309205,487.527496922079,60
893.233840016896,487.420073218418,70
893.173398066278,487.219079700551,30
893.135009784761,487.102557220563,40
893.046693550035,486.862077728031,50
892.940556268059,486.611854112106,60
892.909408653133,486.513645861584,70
892.872537836477,486.420570939194,30
892.81098163853,486.245223240574,40
892.792261569362,486.191688666122,50
892.728190579696,486.032515295349,60
892.689288512551,485.935937675365,70
892.654223501809,485.831847950217,30
892.595413586425,485.681140142952,40
892.50980954242,485.481663302114,50
892.276508034658,484.947410236472,60
892.185244366728,484.737357605822,70
892.164603430875,484.648507871417,30
892.107132630081,484.4903617951,40
892.037985167771,484.337945179377,50
892.006412693581,484.231649083519,60
891.975611712704,484.155840057676,70
891.902483511185,483.932480334731,30
891.816202722326,483.726430312627,40
891.789452223283,483.624875804658,50
891.700188713129,483.372423847107,60
891.666176429978,483.266816873728,70
891.638937422692,483.183235071704,30
891.574227176317,483.037604863719,40
891.554768464112,482.954651681049,50
891.541526848687,482.877063702741,60
891.514696373084,482.804925853725,70
891.500864465269,482.72000013296,30
891.40090114921,482.46365200521,40
891.276854399288,482.115588116048,50
891.259629264645,482.052184555708,60
891.183716525405,481.874253826339,70
891.161284821492,481.812642839599,30
891.04335379837,481.525382355687,40
890.950346172057,481.296282226926,50
890.873765513443,481.071927309913,60
890.719233895289,480.732099378136,70
890.691837126664,480.666186786706,30
890.663459714713,480.453496011421,40
890.610393596437,480.266870529362,50
890.556164092428,480.14361194795,60
890.521646067516,480.065004221742,70
890.490042183693,479.991763947589,30
890.448475269537,479.819954553654,40
890.355292076509,479.572858443929,50
890.332627332622,479.506177484251,60
890.275205817684,479.341896435233,70
890.239275501859,479.247912659402,30
890.167424655753,479.052911872519,40
890.140267020989,478.953220468346,50
890.094354465751,478.838743171001,60
889.925772437876,478.472017818171,70
889.901912850857,478.398913926755,30
889.839468448341,478.255064762265,40
889.76065862819,478.05259482714,50
889.701077275371,477.920360355408,60
889.626414118789,477.68651253758,70
889.539836412943,477.364611806025,30
889.523266595419,477.316091977752,40
889.511402844443,477.27670181096,50
889.450283533681,477.143568323347,60
889.40354653574,477.016839217572,70
889.283688800105,476.739434055794,30
889.262037184534,476.651867476291,40
889.202731375835,476.504005071244,50
889.137869400116,476.360476246347,60
889.110433837974,476.225516757969,70
889.061615452413,476.091573724929,30
889.021597596792,476.002987553799,40
889.005961973435,475.955787528042,50
888.964602820201,475.846819374829,60
888.942321486324,475.73390085931,70
888.886559064817,475.615506123312,30
888.824793817128,475.459690757009,40
888.814296319845,475.40713510159,50
888.792188935671,475.338081105219,60
888.756086534876,475.213368867216,70
888.731737880976,475.136719764335,30
888.619235167812,474.903089803525,40
888.543635155941,474.718313546734,50
888.384003655553,474.305338103484,60
888.357492350139,474.222892087773,70
888.35096329413,474.201422481836,30
888.32567185185,474.083049929069,40
888.296500247011,474.012099333818,50
888.233748982114,473.861708641639,60
888.17511217701,473.722617847038,70
888.112923764019,473.588807202792,30
888.022129831611,473.375114732364,40
887.982581636236,473.267040999745,50
887.949220113742,473.156320133129,60
887.858764896535,472.932888156264,70
887.713260534833,472.572648356356,30
887.65111113095,472.423418364124,40
887.622043127846,472.298771062323,50
887.506019468116,471.99199306489,60
887.433293627909,471.842426218806,70
887.415086827078,471.776549272313,30
887.383471347354,471.644630436617,40
887.259530903817,471.366697776921,50
887.201472886308,471.228033373025,60
887.036228539063,470.857584817644,70
886.973526315007,470.631044493464,30
886.876323506944,470.393049858637,40
886.82511568092,470.245231189152,50
886.77185773297,470.126055850948,60
886.761556280757,470.093589965272,70
886.535310353285,469.644741668765,30
886.525925516985,469.61587226291,40
886.467320979975,469.461252296846,50
886.39827066035,469.227939321385,60
886.372497159528,469.113771729517,70
886.35458714335,469.003155423528,30
886.334771151742,468.929006631799,40
886.116036275807,468.419088331366,50
886.043282789356,468.243909420609,60
885.973068097963,468.070038256596,70
885.946127710604,467.947329658971,30
885.891702264535,467.837130757354,40
885.868340595251,467.771052663962,50
885.826472902174,467.686167175978,60
885.710208794136,467.440968889001,70
885.640619363169,467.229952215405,30
885.517907908083,466.983280233362,40
885.448962065731,466.832128636134,50
885.335754974245,466.577208284947,60
885.242980704276,466.360504714726,70
885.212130978643,466.247613725029,30
885.107260779595,466.039590466421,40
885.062634870681,465.944046285197,50
885.016080625543,465.838203561042,60
884.955405141973,465.677435922522,70
884.902324172393,465.529319031583,30
884.792909656957,465.192639799012,40
884.778030810477,465.138385076346,50
884.676216903491,464.87099949023,60
884.593736191104,464.687114435699,70
884.577249015685,464.619580034877,30
884.561209598292,464.580075352385,40
884.474790600527,464.402975117326,50
884.390943642386,464.223323771088,60
884.359642179611,464.117459214243,70
884.310667275695,464.011190902771,30
884.299539285321,463.964494325229,40
884.274310184247,463.91567429466,50
884.194987576716,463.701003266245,60
884.074031474244,463.430522760943,70
883.85239891731,462.993191275259,30
883.796169054691,462.883177631985,40
883.790607570453,462.856164505105,50
883.736712789166,462.706724068095,60
883.634758809093,462.486398195612,70
883.421802632502,462.063992648787,30
883.391695356215,461.988979329438,40
883.36994384181,461.929638089013,50
883.199882293648,461.464890609035,60
883.07983696384,461.208065909877,70
883.031188685105,461.082477020054,30
883.010433886059,460.974702689467,40
883.001435657258,460.952452367844,50
882.97094836876,460.892074216526,60
882.950634208414,460.838260859016,70
882.892112320594,460.717868496602,30
882.884785904023,460.697275598476,40
882.780362534997,460.374158558854,50
882.568615700543,459.94399282258,60
882.543197758248,459.888031956908,70
882.470452350353,459.718816721729,30
882.44752858653,459.648466732356,40
882.428779187459,459.58760246205,50
882.391365891709,459.49960151311,60
882.350886532584,459.352344893736,70
882.292552934125,459.237742509938,30
882.233078893725,459.032759056418,40
882.211814683244,458.929106422236,50
882.130376266228,458.713223885089,60
881.919275643335,458.32456378457,70
881.75566057101,457.950505061246,30
881.718009245392,457.866068451377,40
881.617453801879,457.630913340266,50
881.544801924881,457.440962796067,60
881.523498593703,457.349031273459,70
881.513265366584,457.309443973962,30
881.296601876439,456.875640711691,40
881.241735367588,456.697391476047,50
881.110556967403,456.387661242577,60
881.044877788169,456.209642224952,70
880.997981736973,456.081792291972,30
880.978118291428,455.974171874906,40
880.945902620615,455.855484517502,50
880.934800901614,455.826359108685,60
880.864344644746,455.688102750617,70
880.817452387105,455.535373658476,30
880.777516899372,455.409240915421,40
880.717806171911,455.274417242956,50
880.696541620082,455.181609500222,60
880.526840049437,454.873904827928,70
880.421606661766,454.656044163993,30
880.299029312752,454.298979605527,40
880.242041977768,454.162705840636,50
880.217037456213,454.089955722621,60
880.167346688985,453.971645563698,70
880.120539442451,453.877462858461,30
880.082347908308,453.759282591682,40
880.035595010986,453.605654035481,50
880.004201956123,453.508646313139,60
879.992860065784,453.483674081899,70
879.930088177431,453.297820979081,30
879.90046927634,453.219022839996,40
879.864410730414,453.084143943588,50
879.856128506539,453.062864508163,60
879.782302937214,452.92379161661,70
879.707533891512,452.7309270179,30
879.639202904324,452.494821637422,40
879.57835475524,452.358868916639,50
879.516378943509,452.236926124859,60
879.467461718774,452.10146607884,70
879.379501024217,451.907422709019,30
879.348689930596,451.813993628072,40
879.313055972831,451.736736013985,50
879.268867275656,451.583188859387,60
879.25645655581,451.547675573636,70
879.1418605003,451.277253050365,30
879.090541460768,451.163602113161,40
879.075912929707,451.066996020062,50
879.058768812506,451.032577841809,60
878.97839729842,450.827586831293,70
878.926644296847,450.688374920923,30
878.868818474735,450.579802690785,40
878.716170153733,450.260891111014,50
878.577571475695,449.950385103665,60
878.349742876421,449.461876337888,70
878.284507186111,449.306724619018,30
878.156963469187,449.023672883936,40
878.139925920291,448.966155944437,50
878.048182020183,448.741128726953,60
877.876865631663,448.35712397794,70
877.842208001207,448.15882215046,30
877.78332877701,448.028343624325,40
877.701102547579,447.864092013004,50
877.697221989544,447.840156005165,60
877.646352352869,447.722276302756,70
877.612650434049,447.622220795435,30
877.386235387762,447.198189912864,40
877.307307090658,447.059627185732,50
877.221072202591,446.846797772751,60
877.014434447153,446.488856905479,70
876.963084041916,446.364473665321,30
876.893475524428,446.185549850973,40
876.747632869161,445.850875263965,50
876.632150611288,445.523235079376,60
876.565774745619,445.397169562742,70
876.503244498504,445.268296038304,30
876.398655639728,445.085790951822,40
876.386702824181,445.058343277504,50
876.300033522558,444.881909599,60
876.230419805857,444.720044199966,70
876.203129704997,444.651643036139,30
876.183569719096,444.594967119864,40
876.166513630521,444.53701194693,50
876.119197543494,444.371376093068,60
876.019164153244,444.132717635147,70
875.961516679149,444.013813503757,30
875.955978768327,443.991480676753,40
875.9254339121,443.916330182301,50
875.831946977722,443.665651371985,60
875.812136302259,443.588007752868,70
875.749733020939,443.462286959626,30
875.690225694804,443.33110244364,40
875.503908077957,442.990965485424,50
875.361982953988,442.737821113808,60
875.294060223373,442.553848283612,70
875.207411892125,442.331366158674,30
875.14174071919,442.139404142882,40
875.101475934609,442.003070704316,50
875.012617912155,441.829012912817,60
874.879399829855,441.578664226722,70
874.868642677004,441.503952065968,30
874.763100999157,441.241749280991,40
874.454956565544,440.669642145629,50
874.334823494987,440.357788826018,60
874.320730533875,440.323125550546,70
874.276738963156,440.241924898042,30
874.039510682136,439.757525028756,40
874.022314429491,439.703133298253,50
873.93778774988,439.50455244059,60
873.933910494492,439.481334160482,70
873.887620451314,439.382817163465,30
873.797467881809,439.176571352574,40
873.779997932611,439.114546239037,50
873.661769307625,438.8974945606,60
873.643232308844,438.835834021854,70
873.59647311862,438.720195631283,30
873.532071625927,438.511883775058,40
873.274094146488,438.010078046345,50
873.211861750226,437.872244782637,60
873.096033098405,437.631876676082,70
873.066800160595,437.52000723437,30
873.022350109407,437.397584452151,40
872.928157494612,437.213107109474,50
872.699850605946,436.712317859497,60
872.592928558194,436.477928634763,70
872.548733540131,436.396079779974,30
872.48664392842,436.279592779756,40
872.471786792271,436.241076395701,50
872.402623981025,436.066296611351,60
872.265422287686,435.734845457293,70
872.162264714034,435.476341356272,30
872.056834207099,435.286401643432,40
872.029655800818,435.189357276462,50
871.94242426445,434.976706557021,60
871.927558596475,434.92279955999,70
871.888646009234,434.843498914355,30
871.835908302328,434.711537496486,40
871.703777502118,434.41231234935,50
871.648702884177,434.275095679378,60
871.616655710163,434.212635917795,70
871.601056985184,434.169931548195,30
871.557785173262,434.06544215702,40
871.466491565253,433.865075587919,50
871.404740179706,433.646826828091,60
871.32242593873,433.495239628027,70
871.300461586935,433.43792306227,30
871.22386588386,433.305842539664,40
871.13060510149,433.116517646213,50
871.094029670938,432.960052779771,60
871.053926378651,432.868837473009,70
871.035180829607,432.829715944474,30
870.959645879395,432.655908187109,40
870.910854502976,432.483992230043,50
870.892892874765,432.440640833229,60
870.801819389435,432.213546456497,70
870.71842863836,432.052469348539,30
870.671582141541,431.939600227652,40
870.607534786962,431.794826387902,50
870.56278903016,431.670990749815,60
870.53304089078,431.589629800106,70
870.509884299226,431.518856317652,30
870.467877742922,431.400891126915,40
870.417169244028,431.27236985127,50
870.305145707017,431.038522282886,60
870.223376340566,430.813537423462,70
870.197576374137,430.677882004982,30
870.092582099886,430.424848218326,40
869.929872884397,430.11902729729,50
869.713083509877,429.70950857958,60
869.595168001032,429.494608890007,70
869.574599118197,429.431227868984,30
869.435024306945,429.139588214339,40
869.353222650927,428.972807553703,50
869.192024611613,428.702511078261,60
869.119139249461,428.518151504332,70
869.087335320919,428.361617227815,30
869.062302780657,428.302879932632,40
869.037371917944,428.220590917367,50
869.013532335659,428.159050778412,60
868.990158072991,428.068907561214,70
868.942169713023,427.938129157592,30
868.903610235514,427.813162612631,40
868.758216281898,427.464381262963,50
868.715038451139,427.356457931647,60
868.611575145337,427.102518539344,70
868.566970835575,426.998034256402,30
868.508618244273,426.829094188632,40
868.369971811626,426.54081050565,50
868.204999793475,426.192251183788,60
868.17724909695,426.136699687696,70
868.156014246709,426.045472066719,30
868.097545305249,425.879520587046,40
868.01988249024,425.740811235807,50
868.008938340929,425.655739880366,60
867.866646863198,425.301052133692,70
867.762986696033,425.127391991633,30
867.628274730249,424.810283720545,40
867.542594687275,424.622799813915,50
867.484371636415,424.522747758281,60
867.423861054504,424.36253763504,70
867.365055572326,424.200204410149,30
867.273253284929,423.9689910004,40
867.211419472322,423.860446721381,50
867.129825774531,423.710751653208,60
867.072426025042,423.567883596121,70
867.010917651051,423.425261682183,30
866.968691436236,423.306952717107,40
866.927958000427,423.148487017613,50
866.776107374741,422.813063529358,60
866.709414319752,422.665397281872,70
866.588270709387,422.424525492216,30
866.52875161388,422.309047144064,40
866.376561430715,422.049731996632,50
866.328885069872,421.864940986203,60
866.232042581494,421.683998151026,70
866.185493816325,421.562809847452,30
866.1171300907,421.367252573087,40
866.076256979307,421.289406795786,50
866.042079818628,421.204950700503,60
865.91006811527,420.993935523491,70
865.886881948562,420.908820305609,30
865.683115334706,420.511450192136,40
865.599829036814,420.379521495358,50
865.5079016919,420.234499457279,60
865.501688103968,420.219597505082,70
865.445190942771,420.04670500458,30
865.359352997291,419.892198197836,40
865.318105771515,419.805610581641,50
865.289319688277,419.726714262913,60
865.206051736518,419.510976439372,70
865.192493956939,419.453972283514,30
865.098595665212,419.259174212153,40
865.03740931786,419.1581879925,50
864.894391101883,418.898337075809,60
864.759986103359,418.616438349416,70
864.721299838356,418.470353958558,30
864.623817357473,418.269104998735,40
864.497853692295,418.026508056158,50
864.186858525159,417.426035808429,60
864.094682037068,417.183882307029,70
864.060510347988,417.110109307225,30
863.925663693443,416.905629099606,40
863.910921350126,416.865157917383,50
863.876148429992,416.780282866391,60
863.814224033818,416.573847374094,70
863.607486275537,416.215834676935,30
863.475578389679,415.945210322748,40
863.363084768399,415.76006823515,50
863.327733959324,415.658167316098,60
863.213279829633,415.465961971442,70
863.075995562197,415.257292176818,30
863.045418728736,415.186542516071,40
862.950181769529,415.010906014676,50
862.794593942957,414.742975099957,60
862.731091351254,414.593896339025,70
862.645253895814,414.206457623982,30
862.604245439968,414.102512433716,40
862.547786952229,413.894011929649,50
862.472656240018,413.692400630982,60
862.339709344484,413.352928756207,70
862.248574796882,413.176182639512,30
862.13761941649,412.986357881408,40
861.954390033253,412.596932519421,50
861.837048876328,412.40302878335,60
861.650191672362,412.05064460585,70
861.410975543487,411.570928244375,30
861.251083743147,411.268450461971,40
861.084490638357,410.965845239518,50
861.046943358336,410.850094387711,60
861.001281168242,410.739354782866,70
860.901607722691,410.532028810686,30
860.811927928164,410.352594300421,40
860.767206152901,410.222385080351,50
860.687337616585,410.096157012842,60
860.647394635824,409.942320397452,70
860.522491328392,409.734217159148,30
860.411399672201,409.527346077817,40
860.30308805197,409.342796198388,50
860.273361856729,409.251234646569,60
860.218277243697,409.119823485525,70
860.052294404685,408.778282933913,30
859.916106367822,408.476928482806,40
859.855540354131,408.350917636911,50
859.700582948729,408.116232615782,60
859.651069017857,407.895475051153,70
859.612936906862,407.804883856614,30
859.428753990849,407.215987033275,40
859.216941648195,406.792498834007,50
859.157105047824,406.620353832829,60
859.102830464649,406.476787732175,70
858.995437761526,406.294169225489,30
858.94503956281,406.129519430344,40
858.745961894744,405.75984884603,50
858.595611363124,405.480609910126,60
858.511935759712,405.278240799085,70
858.355765112276,404.888741685193,30
858.26049874555,404.737624221713,40
858.163635710433,404.562618830362,50
858.060641420086,404.288215295448,60
857.897505846083,403.870900228936,70
857.799697709885,403.541540849528,30
857.723181417123,403.407250088505,40
857.687297428917,403.343339653428,50
857.536522143957,403.035304412322,60
857.477425962047,402.876678676234,70
857.371364044684,402.670551384459,30
857.347885190042,402.583004903219,40
857.266929854005,402.416140171648,50
857.231215328975,402.306957341567,60
857.042594495858,401.853286386244,70
856.954448932806,401.687603589403,30
856.855973440041,401.445555987548,40
856.745256327537,401.193509169293,50
856.57357815282,400.87262085952,60
856.490136868406,400.723489607622,70
856.305325450594,400.42121976261,30
856.27749339102,400.329945302187,40
856.139178164295,400.062880784192,50
856.070188316847,399.909222513105,60
855.977805322339,399.764371878825,70
855.9252592679,399.686236606537,30
855.779484236091,399.420293465694,40
855.719001612834,399.326934132724,50
855.614912062774,399.161531694634,60
855.290520317361,398.525420615732,70
855.219849009202,398.369324730529,30
854.862570505278,397.868062797101,40
854.710139575704,397.580944892243,50
854.679042300023,397.481739220161,60
854.399404478258,397.028939048172,70
854.371488626746,396.966197947935,30
854.347781669135,396.909285755496,40
854.29604991139,396.743680283401,50
854.274365700748,396.692587646203,60
854.146353852398,396.488176663952,70
854.12544550328,396.438041713784,30
854.055441931637,396.277483311638,40
853.658468004088,395.713588221932,50
853.512005475552,395.437142995409,60
853.329797470721,395.158323102689,70
853.284269577981,395.075221472615,30
853.185480183789,394.816465757949,40
853.063275641479,394.634332850191,50
852.809531047894,394.128440085203,60
852.687288070196,393.826464046243,70
852.615935099848,393.684466558367,30
852.489327559384,393.474531595758,40
852.26899045185,393.062991705638,50
852.171042064188,392.912891470735,60
852.098881377211,392.709352865552,70
852.060812809171,392.631932180755,30
851.976554980772,392.446504161664,40
851.776452892826,392.076850686519,50
851.538300849606,391.75250566676,60
851.482091253031,391.633723322172,70
851.405331338352,391.482586607638,30
851.270574447049,391.199293943812,40
851.082748437254,390.862880733264,50
850.902522406945,390.582987488388,60
850.858903909374,390.44941285931,70
850.837478081571,390.402388507628,30
850.55335021335,389.908477542312,40
850.428126763394,389.706737471972,50
850.414438637249,389.658850165694,60
850.011258024125,388.95744034032,70
849.915894705883,388.736895742826,30
849.884837079558,388.654650135316,40
849.701858376201,388.365736977872,50
849.671835449961,388.293509874849,60
849.594479655358,388.120439592883,70
849.503666524308,387.919345857059,30
849.47319736673,387.825891096389,40
849.407518070551,387.70602253002,50
849.290425546264,387.525924436843,60
849.218182760747,387.402195875709,70
849.107074890327,387.220204663498,30
849.079653577183,387.125596221487,40
849.044430334331,387.065417812225,50
848.965867261445,386.870706845739,60
848.944498135836,386.778981091151,70
848.846613873829,386.586225751221,30
848.695664614264,386.249386608566,40
848.52748472517,385.961705529599,50
848.256903454805,385.508837332851,60
848.131757577858,385.27356366366,70
848.109768991996,385.129820171546,30
847.905785725551,384.692935433137,40
847.869835396556,384.612953216136,50
847.829030911716,384.500838607113,60
847.692969070211,384.237004373456,70
847.662179560582,384.160684414769,30
847.364566412924,383.570425728345,40
847.203485309443,383.350909320714,50
847.146221884299,383.261921037923,60
847.007295832201,383.038201031004,70
846.87746254105,382.768493849714,30
846.800147999383,382.564794398889,40
846.639110297815,382.341186088272,50
846.408310272251,382.015260716643,60
846.387124055404,381.962587848614,70
846.240828885838,381.743627182265,30
846.114948735547,381.574680410605,40
846.062840391346,381.456343206763,50
845.801793940315,380.982515234872,60
845.74923051565,380.864686202961,70
845.663694744389,380.721245788997,30
845.466235396242,380.294069792316,40
845.456494291273,380.256910250404,50
845.297876496294,379.845907688088,60
845.210802647926,379.608358501936,70
845.094587989234,379.398926480562,30
844.943893631877,379.13552904,40
844.909818820831,379.033065896468,50
844.886854961355,378.929473163673,60
844.797385466964,378.806332187058,70
844.749605870947,378.678040215761,30
844.310810045084,378.105989137269,40
844.266421595564,377.960598116977,50
844.191168282084,377.83776882004,60
844.084720000419,377.573374209814,70
844.041252539796,377.478801661951,30
843.876777186916,377.171179780071,40
843.790642408061,377.033206589998,50
843.709665224431,376.917074418956,60
843.668289880712,376.845112717315,70
843.578638205724,376.685192937954,30
843.519119933321,376.566568444213,40
843.350396895942,376.073470735164,50
843.051903917411,375.578268758767,60
843.02147830966,375.481319264492,70
842.9086349744,375.250517935129,30
842.803052216521,375.024790188948,40
842.687134856861,374.809856924954,50
842.582000695604,374.570268388229,60
842.556464442148,374.519839806508,70
842.319259029619,374.108143734432,30
842.116618504563,373.818322616464,40
841.982392041457,373.579106335691,50
841.96161401709,373.530983151948,60
841.903033667489,373.378194754843,70
841.63247269063,373.001300631931,30
841.588000695047,372.913860823083,40
841.298519259164,372.467085514471,50
841.180333165826,372.22011421627,60
841.094728936325,372.010212832014,70
841.044191746439,371.905574479077,30
840.866063819269,371.464441118324,40
840.7295459774,371.212912713911,50
840.557250841002,370.942161798302,60
840.092107381297,370.307171616444,70
839.982437899793,370.113781219239,30
839.949973690374,370.001456324131,40
839.807796024769,369.667311533884,50
839.764993947827,369.535684830878,60
839.614892727236,369.293471666184,70
839.504119655851,369.12166675223,30
839.392473367477,368.923395080794,40
839.363383142699,368.756977420198,50
839.346515546158,368.650280025638,60
839.137681433265,368.001059365231,70
838.90170782181,367.647199882205,30
838.826240717468,367.486968136504,40
838.812254131041,367.460371895318,50
838.621845568191,367.174655490677,60
838.598950271399,367.107919968485,70
838.527136710177,366.934156300638,30
838.430875457755,366.681280902016,40
838.112830587442,366.169366402268,50
837.996786759047,365.776690334698,60
837.554263093777,365.191992656307,70
837.322056444271,364.804934582672,30
837.293188711945,364.748899674751,40
837.231949198209,364.655260945692,50
837.098707025867,364.301991605633,60
836.912560413343,363.809316902104,70
836.478701068071,363.176099856542,30
836.336803054625,362.978040725161,40
836.209283681737,362.74309398181,50
836.10929255318,362.574801992333,60
836.048427224553,362.490802845153,70
836.004277980088,362.407146002991,30
835.887857638127,362.168742025593,40
835.834494308953,361.820629369355,50
835.684283954109,361.581311499289,60
835.321979041358,361.12636847011,70
835.15404902973,360.90339727812,30
834.832107250345,360.50884206351,40
834.647900386642,360.132746423114,50
834.454294191717,359.882243724065,60
834.395830553016,359.729899267499,70
834.296685454254,359.55421546729,30
834.032958725544,359.234929633837,40
833.802909847536,358.89610636773,50
833.696652612442,358.661715033457,60
833.632647737967,358.529946529183,70
833.314202552115,358.151647436961,30
833.192773890815,357.901379296636,40
833.140513967291,357.785781014783,50
832.896795208599,357.47930592358,60
832.710852272402,357.054636394056,70
832.644661081345,356.867305569086,30
832.608109589194,356.676098735072,40
832.553091728819,356.509886883429,50
832.300688119148,356.157979457334,60
832.107290812665,355.762912570168,70
831.84866208416,355.221412020398,30
831.684283562645,354.933977217824,40
831.560554762826,354.71254342298,50
831.454197779019,354.524382387119,60
831.395975566058,354.401604090484,70
831.349150685695,354.288011295232,30
831.102506296746,353.984764532976,40
830.749547800055,353.404845830015,50
830.613025026042,353.174937574488,60
829.827246520705,352.16981040985,70
829.377166466894,351.583131410863,30
829.200224578816,351.083071518096,40
829.00172243451,350.760969826797,50
828.777278805378,350.362527999074,60
828.64471714862,350.023209720595,70
828.53838175746,349.896743796139,30
828.469497707821,349.749281540543,40
828.360374009717,349.577557718032,50
828.342642888977,349.529334908453,60
828.045383911237,349.136773566611,70
827.859995316997,348.916025471556,30
827.756473681025,348.762404655876,40
827.598795203919,348.406925611569,50
827.569873772568,348.328150399643,60
827.513848786821,348.019702498895,70
827.443952470241,347.839865728682,30
827.414422417177,347.806723344782,40
827.404620429098,347.784287581725,50
826.860070798656,347.057722898612,60
826.71093706493,346.873609485335,70
826.54801266394,346.65248388035,30
826.331308305759,346.377421997309,40
826.173242982571,346.066619871128,50
826.140744676978,346.021830972864,60
826.022394134586,345.780837736672,70
825.854364693929,345.537370861582,30
825.482085530931,345.101672320211,40
825.461700964472,345.045625534617,50
825.357798645271,344.729259438757,60
825.313258725059,344.574434611984,70
825.148838540659,344.121407590739,30
825.071482522855,343.978655636209,40
824.848567581217,343.598350122069,50
824.733989752287,343.428683873554,60
824.433099412411,342.843226376537,70
824.027271416203,342.209201667687,30
823.778468867637,341.795731377306,40
823.361831264846,341.231008584259,50
823.200623455555,340.961445372553,60
822.990545874909,340.734225438069,70
822.718762359904,340.354722846797,30
822.495203112385,340.03301144826,40
822.425379082228,339.855233611315,50
821.794728167416,338.890192946997,60
821.431692445742,338.387673972626,70
821.236227164209,338.035085273315,30
821.132445613241,337.856599533677,40
821.056814597468,337.697287069004,50
821.020994225969,337.573695372753,60
820.767164553695,337.192445954833,70
820.487299193031,336.684068386699,30
820.4618143349,336.557846402453,40
820.163250088209,335.970697361184,50
820.088074102169,335.815710492961,60
820.034248043707,335.655362955922,70
819.952332515227,335.431218488683,30
819.795031271273,335.238663989937,40
819.399379388264,334.607364547915,50
819.263916598761,334.370974830093,60
819.148483831965,334.145570436813,70
818.849385617208,333.522934854279,30
818.759334371859,333.350594163346,40
818.573538172096,332.967317985561,50
818.13821140402,332.455871028488,60
817.858368826056,332.11263352012,70
817.550438439241,331.476988674224,30
817.059116255383,330.972037740716,40
816.772587211075,330.641318883312,50
816.598015522852,330.248047540304,60
816.431946501988,330.003305882684,70
815.993542562467,329.4700929966,30
815.445936217117,328.856521432083,40
815.228804023281,328.534087808801,50
815.031687823667,328.198347278297,60
814.781851509602,327.806790425476,70
814.480092134492,327.40570566555,30
814.260726225801,327.170638194126,40
813.945024962594,326.427773960006,50
813.874747446454,326.18316951256,60
813.53968750558,325.763237784961,70
813.33136742588,325.453208848157,30
812.9519033474,324.976839742701,40
812.791454534717,324.455390915559,50
812.676052268696,324.319716115797,60
812.208794696474,323.767854572792,70
811.996170369563,323.46896587863,30
811.888505206268,323.229363180614,40
811.326018617742,322.420987949134,50
811.060562314519,322.139844321681,60
810.97708586992,322.006773331492,70
810.401358771107,321.408401205497,30
810.273426479497,321.202444200746,40
810.138771012846,320.915859810833,50
810.053943408702,320.73743660833,60
809.791871805309,320.135335275777,70
809.286921574772,319.358041693327,30
808.976897121508,318.814641006961,40
808.764830873521,318.386825916477,50
808.596870769559,318.11503496004,60
808.26996192324,317.375413563891,70
807.921990679109,316.839540813928,30
807.37794211765,315.984363680647,40
807.275009909957,315.822995229386,50
807.174039181214,315.628730211541,60
806.691358095477,314.878852068224,70
806.429589651878,314.51910931051,30
805.773060504387,313.632018674803,40
805.610896915969,313.31209704867,50
805.444427119877,313.023776730029,60
805.092165548506,312.162817441128,70
804.728719421332,311.756239838932,30
804.559855932125,311.463432468626,40
803.631450031042,310.453398531317,50
803.254512041911,309.862357940341,60
803.173514777463,309.689139084752,70
803.033888558233,309.27398943209,30
802.444138852663,308.62282930065,40
802.381452809592,308.345534507578,50
801.555255493024,307.182053095031,60
800.896379278434,306.442272847578,70
800.672825834898,306.178406905901,30
800.47186852594,305.784670691106,40
800.227664378659,305.479494405167,50
800.168197937401,305.342035320461,60
799.920998159303,304.973387813057,70
799.821880044338,304.756422120443,30
799.642791503907,304.561381195066,40
799.516730252129,304.400955175199,50
799.14090235319,303.823698745033,60
799.076912217987,303.679666710951,70
798.885104498677,303.062869640818,30
798.172062865459,302.114533985939,40
798.045827482358,301.936011737476,50
797.625394752421,301.337843366543,60
797.534527274473,300.952219286084,70
797.484057017456,300.772666335693,30
797.421761980097,300.651749801944,40
796.939697941448,299.986371483309,50
796.14835097593,299.194299800664,60
795.787639566116,298.513399792832,70
795.21597570023,297.681196747085,30
794.956832502255,297.19520302254,40
794.854298077172,297.024155787494,50
794.727941180173,296.721447901727,60
794.144870846721,295.959588665649,70
793.94279726314,295.423240778211,30
793.700880160723,295.164781786256,40
793.597339883729,294.863611245291,50
793.477772416833,294.584107401889,60
793.192614452825,293.946647124754,70
792.993454588693,293.56450037799,30
792.596521314697,293.051778583086,40
792.48590884284,292.442749225645,50
792.132299544592,291.393611133559,60
791.516041697646,290.498904712692,70
791.153542147518,290.111943545404,30
790.891520955321,289.729385615355,40
790.743388696821,289.10238874617,50
790.2565036054,288.438127850598,60
789.730363987685,287.519878502543,70
789.188973133733,286.820680125644,30
789.049729461685,286.655158299997,40
788.953754341268,286.45020258671,50
788.668616688052,285.885506850449,60
788.45786962524,285.560027925231,70
788.239377646175,285.280860905876,30
788.198308379096,285.203838584049,40
787.73108903942,284.624139994814,50
787.427629554585,284.142731555318,60
787.123842427987,283.813300546468,70
786.721627782422,283.437357809499,30
785.824343929629,282.601497499479,40
785.375344372539,282.100392408182,50
785.081374584131,281.679215436927,60
784.964657561469,281.332746225864,70
783.610272743679,279.83415872954,30
783.145395844621,278.976942661943,40
782.906993139034,278.6158041063,50
782.655409447719,278.281656253697,60
781.891500954795,277.385092424046,70
781.398160805898,276.786310360614,30
780.515590155324,275.834390171541,40
780.106456736595,275.255671780178,50
779.909541127177,274.579259537038,60
779.534097685084,273.785401738905,70
779.331178053011,273.257898471616,30
778.076472620562,272.173801915435,40
777.671606614581,271.696855192778,50
776.800127295205,270.784295042966,60
776.519777356882,270.058395569263,70
776.228753925618,269.564357234021,30
775.900522085062,268.864775085138,40
775.296344056171,268.213733088361,50
774.822825995012,267.544639759578,60
774.486430787112,267.071966446332,70
774.042026685666,266.622550652337,30
773.677507432388,265.785836435323,40
773.583997697773,265.428045577285,50
773.289580383206,264.98681460685,60
772.569144730801,263.733727216252,70
772.445651557731,263.569690706548,30
771.271701370921,261.795328497877,40
770.317758076183,260.493871077608,50
770.107101957463,260.24731492102,60
769.120993182377,258.756444953845,70
768.150773425177,257.572530551856,30
767.718999574397,256.373417456263,40
766.824039526856,254.928416396751,50
765.672720230434,253.734195673694,60
765.541225822117,253.255982653268,70
765.319448285069,252.880683176617,30
764.713091856611,252.068582299474,40
763.996815871443,251.481620288092,50
763.492054648901,250.780793969036,60
763.086897275049,249.863640692677,70
762.905606658163,249.716822389965,30
762.13325445252,248.759353013913,40
761.063444572653,247.832946344655,50
760.719366848967,247.090571981699,60
759.796892581135,245.241143231204,70
758.833937212626,244.375457181147,30
758.495009003706,243.932549042787,40
757.503223663762,243.215062493935,50
757.354940010128,242.932003487677,60
756.871483853282,241.785530225138,70
756.049971172275,240.769754495379,30
755.590459861914,240.068318793857,40
755.307101991568,239.603469103555,50
755.217752513566,239.399838258341,60
753.308601948709,237.569111326825,70
752.604039566124,236.799448667383,30
750.551445003721,235.013633449672,40
749.905197764665,234.448684983736,50
749.097719449034,233.150328556439,60
748.426729682159,232.121780961884,70
746.831425590203,229.877903587743,30
744.810641362606,227.992295454914,40
743.815640793107,227.086787021989,50
742.962728614307,226.471463524308,60
742.639235481893,226.197599719091,70
741.77089320885,224.230318615195,30
741.359270936483,223.880277520545,40
740.217341163167,222.866540515721,50
739.19169935407,222.126931739413,60
738.816260364961,221.458520237806,70
737.73421065453,220.559860200235,30
735.325778496048,218.211002539389,40
735.248080741592,217.875849870027,50
734.913201101087,215.641587849957,60
733.749923333224,214.418070497336,70
726.329966273161,209.508850530979,30
725.760102907483,208.849464989785,40
725.377304032672,208.011822163222,50
724.764040623882,207.457506835995,60
722.927052492176,205.566506337478,70
722.321489800069,203.641347685016,30
721.567295082087,202.10638040998,40
720.765060458816,201.364554917108,50
720.49836326473,201.108596984705,60
719.636124697146,199.470833636897,70
715.906388645448,196.782391623237,30
715.872166973406,196.685809901873,40
714.130628737432,194.21962247266,50
713.920577544784,194.018184974053,60
712.997623328459,193.286896901902,70
711.928342405629,192.59889698184,30
709.983481500193,188.9875463654,40
707.892580251813,186.348409033001,50
705.300682948374,182.347507557213,60
701.858274568967,179.633147766135,70
700.538976162929,178.047340687372,30
697.175284355255,173.702544138746,40
695.607286572267,171.236336914519,50
689.339237730051,166.67466078913,60
683.985966308529,162.846594583242,70
681.645086720617,159.73434098219,30
678.579004188659,156.598710868717,40
674.179805269563,151.649240014831,50
672.595568847462,149.616482658837,60
665.382526844945,143.668312278722,70
661.676205838258,139.370520050891,30
659.518387915857,137.430564656677,40
655.237051638545,134.336623548814,50
653.10693572081,131.258715485387,60
651.230281753016,129.679468415684,70
643.23060771275,125.213622872257,30
633.484371227111,119.202812600588,40
624.446523954864,104.952169983298,50
620.346988547524,101.716926555501,60
580.860774505202,84.5470493787033,70
548.385941721172,65.1157953328046,30
540.307356221892,61.3466073641137,40
527.962009101668,47.1579121130587,50
502.987704955461,18.3718810435621,60
460.262947385143,1.37371595580286e-14,70
