score_raw,score_transform
997.655029584661,911.370606132116
997.50554569543,893.825498439192
997.428123194005,877.901886343321
997.380812357004,863.476827657881
997.208471793512,848.057253156255
997.048695847322,839.939218640433
997.005773806607,835.363602174297
997.003313766328,834.896869853695
996.92522013531,829.458379547328
996.905074682706,827.280066164729
996.894978235549,825.569558764158
996.874232578176,818.685359187937
996.839216757989,816.237370422587
996.813766541718,813.209783935782
996.785616627203,808.253241092392
996.744991776983,804.775254461053
996.722317659905,800.578642853438
996.715485493084,799.169123088542
996.687148397087,796.294983511574
996.626264210532,793.170300956055
996.613167644003,790.98774033079
996.567064594159,788.267535791571
996.54773071895,786.51515777458
996.533484806406,784.751000802795
996.527601409229,784.034332402286
996.513663351483,782.298483197442
996.503148378413,780.847453526462
996.492352645819,780.279057812874
996.486385636082,778.453190668014
996.470086102448,776.001941562666
996.463917523442,774.060767350119
996.456711987562,773.499768660798
996.439905776896,771.386119768071
996.434057661909,770.946112300752
996.408294829824,767.351720376855
996.369834830861,765.410362547811
996.350118645087,764.097590982341
996.346933397554,763.341247212232
996.306531232648,760.015551819672
996.289841666219,758.321853382247
996.28504074357,757.435767781342
996.282265603373,757.150656427422
996.277601970907,756.002095644064
996.244341953943,754.505633385316
996.242004265597,754.08547718664
996.217866248632,752.638120701374
996.205858514655,751.294958249103
996.186233761231,749.463024459065
996.177392914175,748.458663809154
996.165962666199,746.941067757589
996.150022232621,745.326004135514
996.132536269867,743.618290776469
996.118343713997,742.278463145596
996.083171344411,740.662959447371
996.053639029408,738.790773144247
996.049770746824,738.063735529238
996.032539647632,736.788506818518
995.990785391584,734.884378242424
995.983032798163,733.93211894015
995.967727167598,732.510312752107
995.95416580533,731.724750760371
995.945814526893,731.044181889245
995.933750317624,730.188900033103
995.926642351534,729.507207121419
995.911893460728,728.859530232695
995.883524936688,727.336904246842
995.872173476506,726.734283058435
995.864274953516,726.188240061776
995.856179586229,725.790836860386
995.853190457972,725.460155576305
995.84271716373,724.698246869126
995.833548257095,723.856356384074
995.82401294039,722.53330294064
995.817142075625,721.632293844138
995.8111012098,721.326754725936
995.809384786681,721.194776915843
995.801343494142,720.706866633654
995.794254685444,720.234360065206
995.780529584656,719.414009798733
995.774711469494,719.171771811513
995.771348191066,718.904526802252
995.76706679121,718.17000722435
995.76502182278,717.626793915987
995.758194389847,716.943420214706
995.752728195283,716.649254882726
995.740485009983,715.397966175611
995.736264828276,714.973745894319
995.726695709834,714.246384232649
995.711080809239,713.120540313378
995.70078076914,712.499806784893
995.692334212529,712.032279345331
995.676031993548,710.912357379388
995.666788166956,710.518060493905
995.655770856107,709.409789334247
995.653341520976,709.224557080297
995.642191578513,708.375486319479
995.638518428993,707.965413589308
995.628199055552,706.924846119525
995.622914980286,706.566571791509
995.620162884719,706.267713289361
995.61339040586,705.709866457957
995.61108149141,705.495829670639
995.602670920888,704.969916299607
995.597573376663,704.492638100024
995.576847264003,702.287441961632
995.569974251681,701.476753924168
995.560980521009,701.047935758719
995.560337115815,700.982468734827
995.55817679462,700.526269305295
995.554726365915,700.286940065908
995.551216360121,699.805388729787
995.547639550884,699.588758875301
995.540503315077,699.155231992803
995.537147603943,698.951445752155
995.532479178542,698.727289591307
995.530223951933,698.478809462349
995.52712883033,697.948868835353
995.52530870009,697.752606288361
995.517664158482,697.009491713122
995.507653922705,696.691804980748
995.501467094034,696.40753888635
995.497185827305,696.116721709587
995.47671900438,695.388566661137
995.474429980091,695.083898302301
995.467903071397,694.792841214948
995.45451103155,694.210462089671
995.449720948722,693.756780663812
995.447684238171,693.518467038674
995.442947211003,693.193997761871
995.439100215165,692.954788330495
995.433075037109,692.120123121101
995.421781475109,691.153406209574
995.416593238636,690.643110478535
995.407352594538,689.804880374564
995.402150867147,689.536525406587
995.399300936534,689.279890623136
995.398934450177,689.261935067255
995.388712466135,688.794597341832
995.381119713232,687.724919773164
995.373347844556,687.265825501647
995.371124272955,687.012216894077
995.363628317283,686.327722649868
995.358692082603,686.04641650647
995.35149637227,685.514857331761
995.345435138702,684.968410613504
995.322837509154,684.183547132536
995.316682031121,683.852041148538
995.310479471578,683.578254223937
995.305242015737,683.210567386397
995.303011713037,683.057240845168
995.301827864446,682.994907245416
995.293611686948,682.502336172178
995.289439886177,682.158256466035
995.284967493526,681.92311039363
995.281289969658,681.586780307943
995.276919900554,681.414185360565
995.268445718204,681.110240844706
995.265572316138,680.630445176485
995.261349799241,680.32613588155
995.259950637567,680.21993887214
995.249295224093,679.518604701594
995.241780811329,679.059371812776
995.239029483756,678.95552522741
995.234873059233,678.670608377043
995.232500954366,678.414102923161
995.227344864248,678.156596321488
995.221509342663,677.369360712663
995.217271309795,677.153552025229
995.209130934164,676.484613059435
995.205057239838,676.193795642131
995.201302289358,675.677186728564
995.198861046988,675.254206721984
995.193300012408,674.852645499632
995.185900465866,674.374718479862
995.182236083543,673.571244476644
995.175457176736,673.160491832275
995.172498956953,672.842338096414
995.161007984098,672.078543537327
995.158109010281,671.790274229184
995.154810481576,671.582075171564
995.146938151771,671.245364135165
995.138586533996,670.905942621315
995.133905533073,670.599053736608
995.125576011777,670.165508961224
995.123512093118,669.78987464367
995.117778614596,669.399517650781
995.116218626496,669.223130764535
995.115183553872,669.005914626719
995.114139689032,668.962592147471
995.107003536684,668.478440477086
995.105852409174,668.357512061355
995.087156158141,667.806376202672
995.083899167362,667.196092128242
995.08238026024,667.112525331696
995.078227453301,666.872223357172
995.069185233454,666.483035559612
995.06692685201,666.243387363712
995.058800207642,665.847622019155
995.053412482207,665.410837672185
995.045959981628,665.093766627962
995.043238939227,664.72617873529
995.03966607037,664.420778261393
995.031240859352,663.936484468755
995.028428805549,663.570850187517
995.025074978037,663.22210719132
995.0161523298,662.728057301755
995.010765560633,662.390439437216
995.005239539624,662.005595471745
994.988293971171,661.44489421662
994.97525649783,660.899153859585
994.970237162434,660.242426449166
994.960668326504,659.579378770966
994.952013487601,659.001637008818
994.948778977019,658.794895190836
994.945597028369,658.593330451938
994.939230907889,658.343821038816
994.93220704209,657.957728097065
994.921359896973,657.578110789109
994.911517776039,657.095575696265
994.898031643809,656.255554905515
994.897520516838,656.128782767221
994.895426483534,655.94855629605
994.887063108455,655.448656448563
994.875586249745,655.03843395111
994.868121023062,654.324668658221
994.867005073006,654.278545720533
994.862030729496,653.626759407062
994.858925886307,653.411427956112
994.851819830334,653.157575120312
994.846624771821,652.789683398073
994.843780245011,652.491584387532
994.842517432679,652.318993461474
994.838767788601,652.011103140794
994.836110366328,651.809827940534
994.827885191884,651.400560530265
994.826840918422,651.275949821536
994.816185850438,650.588446366829
994.810661382119,650.335241767583
994.803424230975,649.98406488148
994.801617247763,649.903396322824
994.799595705438,649.728933318911
994.796441409487,649.548774819025
994.784295544162,649.07238029425
994.775489976868,648.226468397186
994.772521668138,647.736239086017
994.769976356328,647.50716938449
994.767828331034,647.180954469924
994.76376777647,646.737494908224
994.755799460045,646.322695827191
994.75018106901,645.947532687339
994.748952241417,645.853882524976
994.745992841878,645.690185001525
994.744564312371,645.560415573048
994.739481078215,645.35169680213
994.736197832681,645.097415252226
994.729496444291,644.737984243263
994.72715947447,644.409406537599
994.719687783056,644.090556820263
994.718934851344,643.995855309818
994.716577318283,643.782142712486
994.710208566187,643.479512867981
994.709366905857,643.370642858743
994.705625261885,643.051879018758
994.699279737079,642.739723104044
994.6941873334,642.444867891046
994.692365798598,642.216234008857
994.688751030206,642.060699103355
994.686742385045,641.97482380533
994.686424346212,641.92774413522
994.682127296536,641.737584153939
994.678247316406,641.549658244015
994.676312504396,641.429874143888
994.673540054997,640.991934114175
994.66976985353,640.696985431788
994.666570974317,640.566522256384
994.655151616173,639.832884354416
994.639344560814,638.817447852287
994.636000689873,638.582018777479
994.6340580043,638.231682549807
994.632179977406,638.126643142472
994.622067412605,637.842839978374
994.60758796871,637.232726884579
994.590740254195,636.51256132017
994.588429696661,636.35980217798
994.586922478843,636.146263410552
994.584164113499,635.942910370657
994.583073986322,635.868544021938
994.57902404294,635.566744328521
994.576308278588,635.380135611766
994.568848510276,635.049825318241
994.566565440915,634.857042957582
994.561478768837,634.529109069153
994.556395483317,634.208773932373
994.530275918531,632.995757247984
994.526092446305,632.619265911987
994.519044085472,632.211847842697
994.51003182408,631.899725917285
994.49286894414,631.423777771635
994.487050756078,630.946456884008
994.482111416721,630.790870416028
994.479635103668,630.691035309151
994.474193686009,630.233650689346
994.468026064351,629.683010473174
994.462705930072,629.314343967051
994.452213132593,628.973283551715
994.451232739337,628.882309982419
994.449106886014,628.750624910071
994.44448036561,628.383849224961
994.440358051886,628.149533090888
994.436499890172,627.920929587614
994.433510390025,627.745807163207
994.428671384613,627.36278940446
994.427925761396,627.319635416883
994.418872875953,626.902861351557
994.412065970205,626.386787961413
994.408754496625,626.226288631087
994.391921488422,625.73703392756
994.387865577765,625.462939757205
994.384038526392,625.263622570698
994.383820447401,625.228604777426
994.381746006381,624.963754194143
994.377805561645,624.848438411053
994.359466265925,624.318442568731
994.338233677629,623.626973902691
994.333089505894,623.133847307022
994.32733273897,622.881186278925
994.325065555369,622.81721567607
994.32079619067,622.439003186545
994.308924234967,621.670617067773
994.300890857714,621.298265977887
994.293561796111,620.936930832962
994.290703509325,620.830507883942
994.283086476444,620.499361832741
994.279374390998,620.20114522492
994.263996875634,619.620803542029
994.260210996705,619.436445299956
994.256861009458,619.264576462095
994.254489345564,619.160695875806
994.251659272018,618.980697274123
994.245712887098,618.811992963098
994.24013051097,618.314323169928
994.232830717501,617.878921102061
994.226284400604,617.615864620945
994.216147759688,617.145097639789
994.214954085662,617.033022228519
994.213489446478,616.964426397848
994.207840422398,616.599259440468
994.204632135952,616.459556263006
994.202735122551,616.315658303273
994.200067664292,616.053634455657
994.197846015479,615.92523457673
994.19300584112,615.752544159475
994.187427218776,615.542899050613
994.184347600377,615.413772237824
994.174438080198,614.915977385626
994.169354487547,614.449083224313
994.167102819779,614.234324260655
994.159669943394,613.705789827531
994.155069192574,613.524781675489
994.150434533784,613.272681502782
994.148575907181,613.047242406068
994.145578658609,612.883557924377
994.14110924878,612.635699329157
994.127703124701,612.155697568265
994.116418678552,611.840581878648
994.108994429063,611.481098695474
994.108332986319,611.442617792828
994.105768762359,611.317600350889
994.104064587265,611.202764435178
994.101154448171,611.082336619571
994.09323571136,610.70291723434
994.08366360156,610.090163355272
994.082770926908,610.004008682731
994.078540591856,609.832786264731
994.075591495138,609.601293823241
994.073933664897,609.490018387006
994.070880143989,609.312956505879
994.066899556433,609.157464552995
994.05653507406,608.826066684757
994.050213203691,608.625389248416
994.04707284691,608.507982463075
994.04331984663,608.25953121408
994.040546034026,608.149372174511
994.035704811336,607.939704892223
994.028085383285,607.595206794489
994.02416952708,607.39025885674
994.022671799799,607.283994455553
994.014280465131,607.057790609203
994.005853522855,606.742194643083
993.997752787434,606.477939169782
993.99532308993,606.325397543616
993.989320417489,606.137278718311
993.986150387722,605.934367864173
993.975152619929,605.622344378896
993.974721600195,605.595750839804
993.969554648957,605.374283011914
993.963112281151,605.216222625302
993.956981284414,604.871037227628
993.951828042285,604.574787998037
993.949202253119,604.474226469276
993.945343616065,604.357134669434
993.938996917205,603.67476087853
993.934387267304,603.532801525093
993.929697240243,603.380361267712
993.924217716621,603.194040559145
993.922016361065,603.034153919298
993.913690061851,602.680733699994
993.91168742168,602.331595257317
993.91080545399,602.244888002842
993.908437520795,602.050271119375
993.903686201322,601.85310329092
993.901069275095,601.766225553767
993.900523120906,601.723368343574
993.895299714914,601.306341813573
993.888183825539,601.024048435402
993.886195848047,600.913089697643
993.879423232074,600.653614493073
993.872238310566,600.389839231126
993.869304173948,600.238137686559
993.859958418756,599.915294194532
993.856928390493,599.744222437634
993.852076335486,599.577605697957
993.846821303605,599.276679021229
993.840617907141,598.999009440789
993.835418981187,598.814485361516
993.834417591476,598.773289095016
993.827438887712,598.594221995209
993.825228357672,598.502270457279
993.819168013721,598.264588093524
993.806136344365,597.710907512263
993.802896835959,597.520035675367
993.797263572314,597.350450929708
993.794734376542,597.125546331574
993.792181014452,597.036704285334
993.787375856074,596.853299410041
993.783943364567,596.670380841999
993.779021276909,596.547332105611
993.774488701743,596.422767125304
993.771464967657,596.31239462627
993.769428011806,596.15516303542
993.767277566952,596.041529521751
993.76081636814,595.750732650835
993.752279561233,595.520933050988
993.75039747998,595.410116784892
993.745179067947,595.244425702078
993.736935862085,594.830444876547
993.734405656426,594.685901054788
993.73290411055,594.584384712671
993.720244150486,593.736012055156
993.715001553008,593.55402008604
993.7023693944,593.164618474006
993.691736853694,592.610083042742
993.680166085678,592.222876332967
993.673576248835,592.040922164224
993.665499822712,591.616196442257
993.66460039278,591.562896224684
993.651653704346,591.038856947962
993.643128158967,590.83380790279
993.636939325065,590.5972619064
993.632451778059,590.458701808628
993.631647404523,590.378013151907
993.629286348765,590.228727886898
993.626002194902,590.04477007956
993.618698925329,589.859278573676
993.616440023242,589.74716535011
993.614791023278,589.578913211108
993.612303873101,589.387615136463
993.610222556304,589.329721527596
993.607163115686,589.204255171262
993.602249181896,589.026663145583
993.599682943294,588.89252192007
993.598271570866,588.81127280977
993.595065235928,588.687150067132
993.587278394084,588.383015063051
993.584004007542,588.226805280149
993.579725329858,588.044506408539
993.577771563783,587.769603280623
993.574477237344,587.567003205858
993.568268767343,587.307368986125
993.566523217323,587.215208462463
993.558061233413,586.711403754497
993.554981358161,586.53132584562
993.551817693909,586.412744695004
993.547652642438,586.17118998384
993.53906514766,585.806823113124
993.533406698929,585.541892361526
993.530595257496,585.26955314634
993.527969801027,585.007372720347
993.522590631185,584.83240394934
993.519438212457,584.613773928108
993.516123681806,584.405636001032
993.507458380414,583.979164751231
993.501975143162,583.799600662761
993.501273627346,583.75394171921
993.493674519633,583.466778831848
993.491868973815,583.375658362194
993.483694965722,583.099386757705
993.481849987631,582.989965332143
993.475632096792,582.775747696109
993.474331223302,582.738509280549
993.461355577526,582.217533229738
993.456755949264,581.939045555106
993.451248177798,581.675759110978
993.449995995235,581.606246926349
993.44426075572,581.327788701948
993.43785976269,580.956885751564
993.43739499824,580.912340185517
993.43675896316,580.869926335514
993.43134767271,580.628524125384
993.428175021997,580.440049835391
993.424388124638,580.227560642434
993.415959520242,579.822662489669
993.410226568816,579.576185947963
993.407967716884,579.448820722172
993.40727644582,579.356553551152
993.405111730283,579.28085573187
993.40280702184,579.156580968262
993.400262796455,578.967572604835
993.398198404319,578.755678254297
993.392427777525,578.5222061295
993.386766759485,578.058248291911
993.385367230082,577.976211216261
993.379226562343,577.676156186669
993.37588394942,577.571406918226
993.371963660701,577.280608885144
993.368132206795,577.085822621798
993.364926157735,576.973246924183
993.360989898903,576.781012430091
993.356681638417,576.666137463986
993.354939486143,576.568623892066
993.348296872185,576.167030277415
993.341824492707,575.924947978011
993.340509814321,575.874052889333
993.331408430731,575.570746923008
993.325776938537,575.28042648617
993.316616669763,575.045012479423
993.31529868125,574.90026169308
993.310800587317,574.789160513344
993.308369917196,574.66567531373
993.307594771917,574.623238777213
993.302499343569,574.470642147671
993.297623429344,574.335621935474
993.296703290516,574.28151111801
993.292264904518,574.146121860703
993.288367141181,573.949947708717
993.282399819118,573.544932915907
993.280982584059,573.493798709461
993.278703027912,573.443389169218
993.272268330323,573.148253439131
993.267845248582,572.862976877414
993.264681987879,572.699343877881
993.262298120247,572.570926531767
993.258312182712,572.391713093142
993.251316318762,572.208451832031
993.243956453582,572.01030681436
993.241268799231,571.874991405326
993.238873423322,571.776343141245
993.232059278811,571.536415574535
993.228652401337,571.316887295734
993.225161529869,571.071887994763
993.218273765375,570.767960519445
993.214075721591,570.658555550988
993.211105744563,570.445837575314
993.203989120959,570.210277154177
993.198643809722,570.039919405732
993.196793999481,569.968332882287
993.19241090768,569.831550002952
993.190267952284,569.698164287858
993.188853086484,569.629920963471
993.183016866107,569.418453628701
993.177355459098,569.254932760178
993.170833554317,569.097326891313
993.169894532823,568.908308945043
993.169702163384,568.893345940537
993.167202545709,568.792299721989
993.156378028318,568.371425074985
993.155241701369,568.224939596808
993.152262967698,568.090064349728
993.147109749865,567.900034148808
993.143248312064,567.660689422586
993.138989772801,567.486752759574
993.131955143121,567.309141163752
993.130912088291,567.227409802957
993.126487146866,567.085646156752
993.122890936923,566.828504623269
993.117986071301,566.616666985212
993.113882575117,566.482240580441
993.111499398703,566.36759110284
993.109670523428,566.203184583959
993.107247990735,566.015495635909
993.102741225834,565.737045142506
993.100230574021,565.61769665136
993.093924976832,565.335002843734
993.089471810345,565.09423084687
993.080730335027,564.87579350728
993.076807272037,564.766721643958
993.068096857256,564.233535817028
993.065023263005,564.115572397527
993.061799806434,563.910519227421
993.057622577975,563.698287283767
993.044440746878,563.367580807084
993.040739000368,563.286716205161
993.038532719945,563.191015686815
993.037592588562,563.073562435041
993.032811606994,562.875972927055
993.029748352257,562.642611002115
993.027081432812,562.473923314428
993.023618409811,562.334051978179
993.015559211968,562.103047895408
993.014197824669,561.926619849425
993.006081034104,561.728157052596
992.991798176064,561.395037284079
992.988513352385,561.284183885609
992.985645857159,561.142481809368
992.979027575744,560.880225606162
992.97453844271,560.618301883713
992.966572909496,560.431228101027
992.962578898086,560.269881724247
992.958375096057,560.103859323128
992.953256618372,559.848089430697
992.94850964593,559.61064112169
992.947319366332,559.568471238205
992.945186884733,559.441510810316
992.942423638732,559.306988021584
992.940276637428,559.111393744043
992.935812703275,558.956317010796
992.926790175127,558.569236723894
992.924056470134,558.428050220971
992.921372926303,558.356725388842
992.920292480266,558.31017980396
992.917745070327,558.172855241998
992.907613840329,557.759706067883
992.903524821424,557.583890271291
992.902834581424,557.535976815934
992.901469663781,557.484736065738
992.897364761967,557.25624536117
992.890043486512,557.002517442087
992.889258746938,556.947749225643
992.879742153459,556.707894185449
992.878468787347,556.635740644538
992.874617645228,556.501954016281
992.867563371498,556.244476708883
992.854820084718,555.927581035994
992.851213965704,555.771276212237
992.849130298495,555.659063830197
992.839462391171,555.318032277674
992.834163653498,554.989607474969
992.82531749713,554.763227925381
992.821300132195,554.628665118973
992.81477135546,554.434212505701
992.812920131225,554.361546225483
992.811213121506,554.299443615708
992.808407760017,554.204993500758
992.801369303374,554.051828329473
992.799916022158,554.004452361677
992.797182338869,553.884341650939
992.795353758457,553.780367442047
992.792879705184,553.717267613267
992.787246078226,553.509103210304
992.784372823143,553.279187390281
992.782978681739,553.199457460468
992.781954862973,553.111892021594
992.778077305652,552.943408942091
992.77307537161,552.820301057559
992.766828179024,552.647575056681
992.762252479422,552.511409215248
992.75794858009,552.337689994782
992.756234613723,552.274751303373
992.754446334773,552.136889473944
992.753103068179,552.084104797811
992.749500938334,551.933864979829
992.742891674486,551.688120474084
992.740373654424,551.584771116562
992.735575177272,551.478961966872
992.720121455121,551.157465096331
992.713842878725,550.903603823746
992.711096269998,550.774517389862
992.69643163067,550.414427877503
992.695442241787,550.364406710047
992.694172381356,550.321107308778
992.690828220864,550.186459618415
992.688649005068,550.073275591938
992.67982396823,549.789973985878
992.674351376164,549.587237248016
992.669431636349,549.360775027802
992.66348845608,548.925935103429
992.653608943318,548.572072386669
992.651784238787,548.516981626402
992.651078771399,548.479349546943
992.642282499937,548.086380680113
992.640129507771,547.982826669656
992.635547129337,547.86032221056
992.632112042686,547.742201709776
992.624886278884,547.415482785962
992.613961559775,547.093921844254
992.611699189449,546.904665502861
992.610128673165,546.772109890007
992.605125177221,546.595394740903
992.601646517842,546.523376568563
992.6000594418,546.472634320065
992.598353295338,546.363867086043
992.595408864254,546.040647087157
992.591953317645,545.765692698274
992.590351658249,545.680380449432
992.585160855539,545.499735725236
992.584291656377,545.460083951732
992.577670595539,545.235627692005
992.574874522024,545.109431499068
992.568099832104,544.825965436714
992.567336936406,544.810385131614
992.563187907387,544.684544354291
992.552165458424,544.451050164694
992.548535022579,544.293279710011
992.541981259671,544.007319208696
992.539584646744,543.913560471251
992.533087640131,543.76582075795
992.524721142295,543.489258570209
992.521798639285,543.138690810624
992.519318906533,542.919287589044
992.509099353717,542.583214880319
992.50534818055,542.394829543065
992.503789159911,542.347063867728
992.501561085236,542.185372041707
992.498003811623,542.104166032936
992.493484697355,541.941879767271
992.491388920826,541.806357506208
992.487109510446,541.673240343209
992.485046178829,541.610030107059
992.48157855466,541.493247635596
992.476017122815,541.27229399478
992.469690189791,540.93793515301
992.467993641951,540.869711415826
992.464365512568,540.739138498923
992.462502915831,540.65766762948
992.460979870911,540.591871601796
992.453375420414,540.4066494931
992.446106869136,540.173703342426
992.440399935739,539.99452842331
992.435472608498,539.804262356656
992.429677766682,539.627841657855
992.42738309977,539.556681378488
992.424728841761,539.43737206919
992.421842112226,539.309599570458
992.417633118112,539.187748660205
992.411209313167,539.010193261674
992.409300316768,538.862466903141
992.405295281403,538.597921129792
992.401113369096,538.266027946535
992.398415908945,538.156125367596
992.397754997829,538.12998254883
992.394581103053,537.960894180937
992.390792388271,537.831948731979
992.363147111392,537.274600964247
992.359604510279,537.160066646847
992.358035118268,537.013699018063
992.351311717499,536.691638392497
992.347897053164,536.573600216832
992.343874237557,536.439601733981
992.338214302193,536.32861606858
992.334491238104,536.139740989417
992.331940534232,536.029678532405
992.326035602809,535.876031483503
992.323551050553,535.807317854382
992.318929631442,535.686043951362
992.317759480053,535.640806035884
992.3153934461,535.517869071049
992.311966368003,535.352985529329
992.304939159039,535.180961727768
992.304418670183,535.143867066884
992.301586442954,534.975523443134
992.29881034069,534.894135866785
992.294249753643,534.755141936833
992.288858917115,534.545119810393
992.283072154053,534.290870045658
992.280909560282,534.130187565365
992.279138354955,533.939532414263
992.266086372331,533.54801160321
992.262224185988,533.462917229829
992.26037784201,533.220064937325
992.258650199198,533.173498776146
992.256923624039,533.043280696532
992.255507497192,532.988053019629
992.254719512251,532.953107773986
992.25359455743,532.835863663939
992.248444166532,532.557333119452
992.24421068653,532.402172790667
992.242226602858,532.318744067883
992.23961508297,532.196281774822
992.23669434845,532.037777289804
992.23086246331,531.85280480073
992.227765712807,531.741182375311
992.221024420915,531.480049620595
992.218058177991,531.383437897865
992.21248945472,531.274802561789
992.210071667289,531.168576101856
992.200929110543,530.891401021776
992.194206462109,530.560950918767
992.190208284729,530.338151950117
992.185271054569,530.185679803748
992.181582259603,530.102196639723
992.176143449104,529.919842764472
992.17257712073,529.770374038986
992.168711023251,529.678275045296
992.16779542518,529.612485797649
992.161232098734,529.279846721347
992.158788695141,529.115359663313
992.15401024663,528.936874045695
992.148956444614,528.837042035496
992.146001736333,528.592042844376
992.145258370728,528.576059958245
992.143372524902,528.504122238565
992.13753007196,528.35607227502
992.130456653085,528.043286844424
992.1284442242,527.917366943697
992.126379162773,527.85990555194
992.120572848426,527.55936919543
992.118395795413,527.462523964146
992.114121868125,527.336133054764
992.110923621315,527.242268527702
992.109317842438,527.182603192161
992.104873670968,527.011910525231
992.099316838941,526.76430476047
992.095710174087,526.639908323174
992.083953974577,526.342430536626
992.081099108002,526.255461475945
992.076565654157,526.127993189032
992.073356264525,525.919886506256
992.072258327888,525.79240109019
992.068517793481,525.701767635694
992.064991319433,525.578419392617
992.05113885171,525.069198024901
992.047926427415,524.914099000323
992.040881298796,524.746099246571
992.037259064543,524.611501112675
992.035169360451,524.488856648236
992.031554441342,524.289086801777
992.030999713059,524.255874197062
992.027229342645,524.054497967263
992.025461083538,523.908282216867
992.02212499513,523.691615633036
992.02017598039,523.58097131092
992.0195259194,523.529040950461
992.016162994958,523.384833015432
992.014355804077,523.310648839403
992.01188947588,523.250955998678
992.009413521093,523.142757075731
992.002886702215,522.96311148141
992.00121575467,522.832870429108
991.999794066472,522.644189157573
991.997615972343,522.571137894443
991.995877371983,522.463524663654
991.993569960793,522.390416678641
991.99090256648,522.277493829947
991.989902926176,522.236991489887
991.97827846822,521.738445555034
991.975367832541,521.590839205244
991.972592669661,521.423791397283
991.969788993089,521.323640666059
991.965356112254,521.216988854781
991.960630414297,521.087093116822
991.959906638332,521.048960268415
991.953474087905,520.857365387494
991.951809043095,520.809341069395
991.950923276518,520.755054322877
991.947932950041,520.662808527628
991.942993958277,520.43819753932
991.937065202363,520.223700840069
991.933237169553,520.132744400738
991.931200618018,520.027721629698
991.925624270585,519.89177142794
991.922204923503,519.729460148102
991.915184901445,519.558739064732
991.913099308677,519.383313528545
991.908561489342,519.304646068602
991.904199795447,519.125145734908
991.89562725734,518.870451484041
991.894693153668,518.757822408295
991.890005506237,518.591681580978
991.889016950347,518.482073060396
991.880685966193,518.211566419752
991.877885597974,518.157062220593
991.874776072055,517.956557829165
991.869907114835,517.729214068363
991.866382567206,517.5837719678
991.862111447896,517.380487603245
991.858685368563,517.249038646522
991.8536583695,516.980991883453
991.848417345285,516.816933892497
991.845151566755,516.687619391286
991.839266361479,516.44391599953
991.838236413481,516.398075262269
991.836780713293,516.334754870149
991.835015752666,516.291829136392
991.833460957515,516.208417072992
991.829476233506,515.996470158387
991.828006795038,515.88404579545
991.82278053837,515.750466981968
991.821278196492,515.680408443084
991.821145746108,515.67042727321
991.818433702127,515.5392915888
991.815849634644,515.365019207706
991.814333630425,515.305049233223
991.81019761631,515.218357619162
991.806504049145,515.13916357188
991.804399817144,515.088027021951
991.797561909171,514.675445810921
991.795677573692,514.596115620917
991.793347123328,514.485976775919
991.791008109076,514.431517300948
991.782758710263,514.233700915559
991.777893786883,514.099516641653
991.776406225553,514.005324451826
991.771818390595,513.888682860073
991.767976157354,513.719977699383
991.761407302366,513.437867449219
991.757733551504,513.356232091966
991.746537911779,512.988467144727
991.741444189561,512.888011083848
991.740078805713,512.812629626053
991.729073298879,512.550077782424
991.728014556841,512.493891338178
991.716523520708,512.167910919118
991.715590405702,512.118651520774
991.692175222819,511.630744150904
991.687468845455,511.508313190176
991.681758907957,511.270549465483
991.67755031608,511.18765500792
991.676241780362,511.130550900341
991.671548430947,510.975443213652
991.667429312276,510.835422209114
991.663290286291,510.721254408486
991.660592031726,510.51218929601
991.658347727255,510.437702907571
991.656440079395,510.340565222883
991.652342939617,510.23565926215
991.648849002129,510.086103629197
991.64378680608,509.856219595704
991.642255085842,509.743371217125
991.637145121697,509.493854826942
991.628857051721,509.252991631151
991.624843257743,509.01614026292
991.618269328945,508.859138679328
991.616209259673,508.76313624469
991.614167506887,508.700417839601
991.608461389026,508.554942642008
991.597463502506,508.332608650872
991.586247702881,507.988299978596
991.583568443126,507.862156084871
991.582311924052,507.824364919126
991.579676440355,507.720430125206
991.572835526363,507.600473838403
991.563453873414,507.445789256446
991.559424652868,507.235287453282
991.55622315057,507.14785326622
991.547848266555,506.883611046102
991.544725207804,506.72391204565
991.543127646866,506.658223464164
991.53481728055,506.489595708673
991.528560093722,506.348381121525
991.521344797118,506.083156120078
991.520893759367,506.050395481382
991.516239112693,505.939510428777
991.512378456585,505.835262274024
991.506078450318,505.690178850533
991.498629924857,505.533057520845
991.496718971752,505.460905477188
991.490851958545,505.351269462952
991.486169783769,505.07445495369
991.486023461594,505.068182741709
991.484428704113,504.960616670561
991.481970504526,504.847170881461
991.480810741489,504.769116745663
991.478583414713,504.710487095473
991.47366440878,504.542872247287
991.470257553759,504.441941810311
991.468667241947,504.399766492676
991.463941861494,504.242966419496
991.462644457018,504.187274152971
991.457949687386,504.043366263784
991.451837298023,503.846619570868
991.448507355762,503.713959867585
991.439071830372,503.471767816482
991.437357735101,503.376832778151
991.433887309893,503.23989696722
991.429813014675,503.154656117442
991.422038496763,502.854995166314
991.414647048822,502.608000315759
991.412028001429,502.481994877352
991.407233090783,502.356146003149
991.402718587334,502.183442486797
991.400697275636,502.046422225846
991.399075674303,501.835950225325
991.392075057497,501.668305803366
991.379557347859,501.396008367503
991.378115263544,501.303088535492
991.374240846655,501.049190939374
991.373297155296,500.987917826959
991.371170051484,500.92149557167
991.367390270078,500.819353358509
991.358197354453,500.649661229724
991.353111746827,500.476448035299
991.348483875569,500.206089211087
991.344300835481,500.083904908177
991.340447856693,499.985415326729
991.338708521635,499.913273469502
991.327512722684,499.553406322898
991.325027721511,499.462308708565
991.320305819181,499.123206449494
991.313208253299,498.976750929236
991.308379483529,498.74458734293
991.301024253046,498.445811268768
991.297686989753,498.335377221938
991.29213539608,498.036256420003
991.285785085063,497.805399546634
991.280122683406,497.599414615282
991.274490152765,497.388298167387
991.267357603281,497.191532005099
991.266353350826,497.141325016331
991.262510624497,497.02639680609
991.257287362448,496.875210077342
991.255533680659,496.842185858439
991.253915913138,496.764661886875
991.249293795877,496.669994389388
991.245461043846,496.569100255264
991.242833201636,496.351996874615
991.23660884924,496.218810517806
991.230094561007,496.103016520058
991.225104662169,495.906728582594
991.224669641792,495.886578734416
991.205008931876,495.443606318281
991.200670533019,495.297636654894
991.194972247907,495.165908451311
991.192945364437,495.084704529331
991.188501602133,494.952867098529
991.18701490884,494.858227041169
991.181624367862,494.66345764363
991.178381370733,494.534015010722
991.176129899379,494.443812830134
991.170176586,494.339043672683
991.166862622728,494.242437908264
991.153449310532,493.970422050378
991.151934952329,493.900725035787
991.147055389889,493.749886085377
991.140463359621,493.57918652875
991.129734648231,493.286637248573
991.125868285209,493.177045596358
991.121000265749,493.056913566659
991.119128177637,493.000645275258
991.099129182053,492.617008808164
991.097918482064,492.574167848096
991.091465279787,492.370150971437
991.084140875593,492.157976317236
991.079509187207,492.064967740313
991.065910699795,491.760877466399
991.06361689282,491.714126128986
991.057403555274,491.490401784139
991.053261327641,491.328221873938
991.04355142364,490.844351350738
991.039023519448,490.734930407138
991.02946706115,490.559288608649
991.019589265767,490.149555254314
991.016304012695,490.03347403112
991.014900515087,489.985690711605
991.013690844742,489.960767916111
991.009839790898,489.794568601891
991.003907053468,489.615171691855
990.990257060173,489.275734729838
990.986605811506,489.145390073196
990.984836560137,489.083264342883
990.982500898973,489.038339851442
990.979661317725,488.961689728147
990.978910817922,488.942188154236
990.971851894001,488.802457060006
990.968707581104,488.708282124025
990.965263065599,488.538601527034
990.961846380176,488.41309564857
990.959740172045,488.345521580494
990.955136860296,488.175350040162
990.953996702756,488.135775305595
990.946556714209,487.965161303398
990.937152574941,487.760857713975
990.929928729734,487.637844064182
990.920010910826,487.444226386655
990.915233988571,487.352544554806
990.89918492445,486.992674992186
990.889963206647,486.685709811105
990.880507884221,486.430319976591
990.879292289162,486.3175896213
990.869200666305,486.038594180887
990.867228169059,485.959359581725
990.86575121326,485.878779257888
990.86177446184,485.795748920232
990.856915344462,485.700948348126
990.839200555011,485.357759143877
990.8377975596,485.325086275647
990.836346438145,485.250581833916
990.833610576051,485.178812504639
990.826460457161,484.989992950798
990.819538099274,484.781487882664
990.813601304417,484.536009417035
990.81046353776,484.418831645513
990.808518431936,484.341914659102
990.801698089817,484.035920311231
990.799888906522,483.957738651433
990.797684815476,483.890187623289
990.793202964199,483.745788122339
990.787697741394,483.611167192549
990.78692665381,483.577806233177
990.779211800206,483.430063515414
990.775262725372,483.295942248028
990.769164377437,483.076223321795
990.765949100808,482.962356216264
990.760669696909,482.82321593469
990.756154158933,482.56180774518
990.753751578283,482.495801627291
990.743263914047,482.168484297278
990.741310442578,482.095770465687
990.734479208914,481.917292417588
990.723124098914,481.717839840457
990.71077411125,481.254252646571
990.704529196991,481.084271079487
990.700076539149,480.888893890023
990.697748571498,480.765735995298
990.69086637782,480.598483597161
990.686219934359,480.433976706746
990.666006784776,480.063694882002
990.6627477046,479.96724168064
990.646220747467,479.500982528781
990.641188525287,479.36606938721
990.637926437903,479.252147969827
990.629662017233,478.969838483022
990.622650369486,478.769000841471
990.618230069188,478.568437598873
990.612968145238,478.450866015896
990.607796635395,478.278059315428
990.605417353464,478.17520962051
990.60249095742,478.050809105694
990.597345614701,477.90156673305
990.593610251909,477.67928571401
990.588216572057,477.522812612935
990.574502488263,477.203394761327
990.567208188033,476.948912962416
990.561702604825,476.85932075871
990.556371020239,476.663615022294
990.548141952161,476.306481656666
990.542924634716,476.002222859982
990.538069119082,475.889356140192
990.531144622448,475.683753796766
990.527743980637,475.620400541211
990.521018524451,475.488573165991
990.518890367851,475.412380687199
990.515070102505,475.33959081431
990.507493521283,475.139665613311
990.503650879732,475.057701020152
990.501682599331,474.98673126844
990.500728171822,474.875685894098
990.492944549011,474.754097767123
990.486618133543,474.628642598844
990.484726421296,474.546513046584
990.480306851549,474.39510439592
990.476514702397,474.294501531911
990.469956065327,474.171700736693
990.466710314794,474.100529427357
990.465998943481,474.071159954937
990.460499558101,473.93865852159
990.459044064661,473.846252471627
990.455870084971,473.738666652195
990.453437083623,473.512615178087
990.443803245949,473.351198225335
990.442029092245,473.260283191592
990.438014851827,473.028258751949
990.43497669818,472.958974197376
990.43332553402,472.907073992206
990.428677153515,472.824110457753
990.415226414459,472.35227896778
990.411912029467,472.260663912667
990.401909612877,472.096825432149
990.386954238932,471.768624870835
990.376447762883,471.542077346936
990.370486939021,471.38589817747
990.367232072098,471.274467429907
990.362875662655,471.193581856134
990.357829247769,471.095397863272
990.350707974999,470.807732206793
990.345145428879,470.611664140704
990.338107451901,470.381518893092
990.331911963271,470.276563694163
990.32926462428,470.236767893815
990.327607927457,470.184298249535
990.323033740704,470.113536477252
990.321890565417,470.075336426578
990.309057871021,469.879773788152
990.302531740857,469.670948009427
990.288396853947,469.367947984094
990.285938778383,469.246874283147
990.284163545507,469.211004874026
990.280535234506,469.136953846022
990.273208235952,468.849653122168
990.26616652248,468.712031917009
990.259592437641,468.51632688423
990.256344079826,468.413524078005
990.247917919344,468.224186969435
990.246208461811,468.181446933369
990.24263041916,468.093839245799
990.240003039826,468.003090063928
990.232887839945,467.761658491848
990.229236336818,467.691596183045
990.225636763807,467.561542988385
990.218629077888,467.328732009741
990.211091965527,467.080360497295
990.20159043854,466.9277531469
990.19320871196,466.789340682397
990.190684932268,466.698401412081
990.185287259805,466.548471388904
990.181292631376,466.45007263642
990.168005623285,466.25492914361
990.166994508147,466.228198396189
990.160643723374,465.988074890302
990.151954706003,465.804813990103
990.148848782936,465.68274846916
990.147126041066,465.600878103873
990.145299242785,465.543507145452
990.14320561415,465.415174038334
990.140308206584,465.353877850392
990.132707901402,465.137154412224
990.12310537208,464.889611569743
990.120973487807,464.832080237086
990.111339932932,464.671021723935
990.106559468662,464.475967919287
990.103849380056,464.391864177497
990.087103238575,463.995837849736
990.086077927442,463.882276302587
990.069344253661,463.474631314757
990.062185184274,463.196486470606
990.055150499254,462.901835289018
990.052402930564,462.79363660628
990.050483972251,462.740422783477
990.049497530873,462.694965187403
990.041841061155,462.554512964229
990.030698722113,462.342419164723
990.029586237148,462.293586821537
990.017246156477,461.961501394268
990.014838050124,461.882876798939
990.011941889026,461.739989093241
990.01070660702,461.684204880257
990.007495945178,461.610348223949
990.00357176279,461.495108614305
989.999434226626,461.381703876022
989.996548530094,461.274891691262
989.992633054132,461.2063883789
989.985672151485,461.02259523476
989.976297915467,460.870246905907
989.971175501958,460.765727076594
989.960051008195,460.43061253035
989.941472044628,460.149755130713
989.935736533018,459.985740656596
989.926956537371,459.759717684674
989.923708283161,459.68292406627
989.916303233938,459.511096900308
989.909513255065,459.370656489365
989.905251820496,459.273195092498
989.895136815558,458.97573932096
989.886961418249,458.771717883191
989.86702935556,458.405303422518
989.863606607353,458.287577494437
989.861244180674,458.064310457477
989.860299811368,458.002242331583
989.857724310758,457.924984388175
989.856237334873,457.82553338907
989.852728043831,457.75600837827
989.836834096813,457.487775857717
989.833986969837,457.384368784298
989.831097880177,457.3196977621
989.824001672222,456.931981823477
989.810155219818,456.664725125154
989.79791853975,456.469084169497
989.784245675645,456.078090815471
989.780128049681,455.998975866753
989.774735180221,455.866609936437
989.766293871138,455.657103375603
989.7625275693,455.485887371185
989.760222437782,455.402497793627
989.748186380496,455.176845238438
989.745837616014,455.106491720347
989.737777423157,454.728987437231
989.736290726821,454.679716989066
989.729930418994,454.585900814653
989.724096261018,454.29446023195
989.719576443086,454.058302652727
989.718028253097,453.995128971234
989.716724524463,453.957848236487
989.708500064602,453.713793105865
989.706481974427,453.660662974012
989.703457438036,453.55916508243
989.694728014375,453.321544787035
989.693368332785,453.28169059829
989.684708646265,453.152069454163
989.682780755925,452.979450849136
989.660946939651,452.654978539809
989.658188239918,452.602963777327
989.654086435917,452.485145099558
989.646135212823,452.244871095285
989.641323275215,452.148874438999
989.633510689524,451.979316143037
989.631821991111,451.913412269941
989.62647137023,451.780312040298
989.617907125097,451.421646944521
989.613745175403,451.241593339935
989.609841755112,451.102286017384
989.606727425348,451.008174829975
989.602440112881,450.873600090002
989.593800228606,450.648280513136
989.585624382092,450.364484229763
989.580329472019,450.234114620298
989.578168506841,450.175075941654
989.573835366829,449.969427034155
989.563937405054,449.631209928587
989.559061264662,449.510440195996
989.547956359528,449.221558469367
989.535525872429,448.985802663714
989.525291888009,448.308394928849
989.523743422003,448.265491941811
989.522701791799,448.239114872091
989.521473447478,448.206736767559
989.519720993209,448.12638395817
989.517389746017,448.083661731728
989.508733177375,447.880127591318
989.502290920828,447.67013334296
989.49683685118,447.472609770601
989.475663689382,447.045462444253
989.473642416808,446.925186855421
989.463125002118,446.762858234173
989.460904330075,446.628987478528
989.446787847633,446.399335102786
989.435033557372,446.13070109436
989.43171336909,446.047928696448
989.425512882206,445.928154320461
989.4190946493,445.654226279661
989.413385067362,445.540908300762
989.403972806792,445.292556749471
989.393113365658,445.07938143841
989.389425294816,444.983050376202
989.386219067743,444.893285176598
989.38188321456,444.790700746321
989.379833163689,444.726933046519
989.371129203044,444.534423685159
989.368174502143,444.345342864886
989.360326671345,444.092951279834
989.340300503554,443.748604769823
989.337509169601,443.604071272526
989.335211031348,443.491842546661
989.324452346929,443.308753825521
989.304209474257,442.890771883997
989.298903938649,442.778954569533
989.294613659456,442.569316365787
989.252689902608,441.792862052397
989.251413993554,441.745629897672
989.244763373617,441.605237805211
989.241490773817,441.530799591008
989.230591297929,441.259423242931
989.228154068772,441.17100378385
989.225283096706,441.046021324882
989.218468078851,440.842544443031
989.208014122487,440.685517909821
989.205640016503,440.601779490114
989.203783252622,440.456044690055
989.19526872273,440.203396173432
989.19125573784,440.106212091632
989.188272105464,440.026073397906
989.182755302065,439.915228252883
989.18110104406,439.86646012945
989.175797690628,439.784456582869
989.174600395078,439.615916475619
989.167207667944,439.410535231926
989.158423929305,439.100743593252
989.155968381567,439.039787140615
989.150937651784,438.949271632306
989.142721532961,438.761346038999
989.138806813544,438.564287968814
989.135376194324,438.489779563029
989.113486823778,438.058826814536
989.105521064149,437.88299793234
989.099539374056,437.730665635836
989.090662910207,437.517213543074
989.084151290745,437.285677045591
989.083366801806,437.218521121221
989.080683127102,437.114448830283
989.076889704622,437.015368689203
989.066028242365,436.82121992121
989.062944348946,436.708927661823
989.06006885812,436.61015922522
989.054715725002,436.46019019368
989.042070147251,436.208023374167
989.035083374189,435.947766984923
989.031960780771,435.82741618607
989.025088332183,435.609703939429
989.018416734513,435.488916736675
989.005764322101,435.281192080122
988.991547794028,434.647135191876
988.978576008999,434.401599282191
988.969999145569,434.153755693705
988.967350748342,434.075000611578
988.963676211401,433.928868840971
988.958959606358,433.748098789338
988.956383071389,433.678494902397
988.953233465319,433.592214798277
988.942278084512,433.405082887483
988.928246713756,433.162109765021
988.924288639133,433.053082576309
988.921124373503,432.876228498591
988.912361238263,432.546565568276
988.909398404291,432.471953180617
988.897175906259,432.300162624093
988.88336413617,432.0835481562
988.871994199675,431.788196993377
988.869544865527,431.707575700268
988.845340622019,431.277392578331
988.838179992959,431.083138662966
988.830467546566,430.890184121858
988.821375103953,430.652674488612
988.812674003649,430.438069696501
988.803716846959,430.3191767355
988.788143823101,430.076256323414
988.786825603266,429.97644234727
988.769894323527,429.669175333102
988.763395754802,429.579500071757
988.760525702216,429.537634636526
988.759564552915,429.467834039367
988.747087761316,429.226220403569
988.734609927632,428.899145835873
988.725576636449,428.625220567531
988.724669668501,428.607059702106
988.719800524603,428.480084657394
988.715413570654,428.377574627609
988.707137260528,428.242890561121
988.700653719308,428.063296512462
988.692401637666,427.865639349837
988.687796672179,427.675774405269
988.665406727433,427.167076140468
988.648077837444,426.879643401083
988.621459045338,426.506402205762
988.619329203983,426.396178580639
988.611120431272,426.26081989424
988.601758363318,426.085941928366
988.59632345727,425.959729284555
988.585854174553,425.788022065088
988.570393704975,425.599067579131
988.565350454032,425.374775157484
988.561937761313,425.256195705322
988.551510589314,425.078515384677
988.546270071725,424.892998769609
988.533588712545,424.575757717216
988.525632779273,424.373867577866
988.520630363602,424.187443826399
988.50920042746,423.901166539152
988.496257409718,423.628130416932
988.488845478139,423.444447102377
988.482957916612,423.246568480843
988.473560203679,423.035295204236
988.468385633156,422.933672981656
988.462334948744,422.764909363461
988.454632681023,422.606215881601
988.452759612808,422.564639765197
988.445083057707,422.370959667994
988.428534228713,421.953537157438
988.414879853202,421.622586629345
988.413109142839,421.540051283827
988.400462080654,421.201655423101
988.381994545414,420.766289609665
988.379268181219,420.693273898841
988.374182170636,420.550118923146
988.355398244282,420.106611617136
988.345648610549,419.883748318461
988.339688386318,419.743928675602
988.332857883747,419.575632292101
988.328192818576,419.446475422485
988.322170013838,419.283389078462
988.320354467997,419.158934930878
988.314136983268,419.006162128553
988.311575686579,418.920497576885
988.309390401898,418.778424343506
988.298477522814,418.504061968064
988.284100125916,418.212491464435
988.275709953476,418.004876926942
988.266391646825,417.755459081859
988.259126031685,417.656520436152
988.253470523126,417.374886827509
988.246190803395,417.190841158047
988.242223510442,417.119371286928
988.227875681441,416.855989655469
988.222561166897,416.692698494468
988.220111405073,416.644063999192
988.205815941942,416.417499575634
988.201855016723,416.294064282805
988.188846532292,415.964620766846
988.180329812584,415.751254018183
988.178325581743,415.670116529839
988.175998813099,415.571974111982
988.170477313044,415.475175679229
988.165487270642,415.380512983962
988.159227240559,415.241758723692
988.138571532039,414.794595896466
988.124297131531,414.385459964649
988.120249532393,414.287911344345
988.093120027926,413.957494485566
988.085886870952,413.792506341891
988.080874763665,413.722767705351
988.055409091867,413.311393917668
988.051032184953,413.217154964084
988.036710015164,412.881296876163
988.026975159618,412.679967173942
988.020872272179,412.583944398532
988.003919580945,412.059875703268
987.994127346313,411.871715821008
987.985104011502,411.690102674257
987.979272053117,411.579647450873
987.974667561203,411.457222992888
987.955537997941,411.182464422056
987.954222426548,411.128928344025
987.92987770358,410.591508245541
987.925994458273,410.491157264195
987.923265817405,410.351060502908
987.919804646959,410.211002188432
987.909835060607,409.77226691774
987.896595189218,409.531196265639
987.892290475929,409.390117371092
987.882890797405,408.983441899602
987.869107638239,408.723980683874
987.858867596977,408.597599100471
987.855507123786,408.473233459203
987.844754807169,408.311465470936
987.832548467847,408.107110428154
987.81443080499,407.730222809794
987.810201138852,407.631652877184
987.802047341506,407.363155046234
987.798334886639,407.26789118548
987.790947475949,407.130203261979
987.784421232403,407.004624373645
987.778317366867,406.80943689821
987.760500332301,406.518547888724
987.759039226785,406.450591460962
987.754188602131,406.360281512404
987.750226085727,406.130402247485
987.73148481106,405.701874901844
987.712928402422,405.211179707668
987.702622250563,404.943442622372
987.697983159203,404.766843991798
987.688831166455,404.557705023847
987.681347294981,404.351380948043
987.672503862231,404.17260032822
987.645760936229,403.777221718828
987.638970573307,403.616726489855
987.629804355608,403.445892375287
987.626884679837,403.363810187094
987.619627095393,403.249094258986
987.60095401985,402.966902264494
987.597403267085,402.869443418172
987.592380225072,402.753480572935
987.590833826027,402.716055304574
987.574951476845,402.355899683417
987.552406904616,402.038032413723
987.541378153813,401.787100372633
987.533918505203,401.628725807368
987.525740765947,401.428577963247
987.517974882506,401.288251440777
987.515562490804,401.214478984051
987.504313437411,401.014230042486
987.481388178297,400.616141138679
987.465190190919,400.284378099664
987.461510963182,400.13580034784
987.438090680427,399.659047525555
987.432376737329,399.567831436998
987.423195201442,399.397893431652
987.419129105168,399.292778350396
987.412144530204,399.119556971086
987.406290899021,399.016932738142
987.402192892196,398.897882920209
987.398407606622,398.789617268861
987.386374824117,398.580610719562
987.381179379262,398.482881615841
987.372531553822,398.238871307231
987.362918913777,397.922837898536
987.351757677636,397.659388054888
987.337670110309,397.438617516584
987.329612110856,396.949445400384
987.323904696659,396.83333605532
987.314117835663,396.558567614313
987.304708478757,396.378151046017
987.295785315179,396.185246450554
987.285926385017,395.910422575239
987.277658986912,395.785333020023
987.264262479269,395.453013911917
987.251496556109,395.220912417426
987.245040668325,395.037718699022
987.239730316336,394.902217767952
987.229939228912,394.753858667278
987.207755927877,394.449660113814
987.202522991458,394.288922753151
987.19259613817,394.030492710417
987.181539654853,393.852423879435
987.169056138288,393.684558905654
987.161532977311,393.576055423713
987.157086029487,393.496324912109
987.155985334002,393.444020995184
987.15216116633,393.36506445464
987.148654930953,393.293211159693
987.143482366048,393.178285239353
987.125455134041,392.957560230224
987.113354237791,392.734483371686
987.100052122669,392.47832004111
987.080190460995,392.205057345925
987.036493482389,391.394326362589
987.0168560084,390.996519428354
987.008135348835,390.791161920474
987.003529094703,390.687807090738
987.001617633256,390.655605882436
986.988596200108,390.505403457612
986.984815289725,390.364870808076
986.979552483861,390.21694830614
986.969272065298,389.910878772933
986.969012259857,389.887508274812
986.949804706566,389.586894758844
986.940140455169,389.417570239299
986.928737935767,389.161368704675
986.92679265847,389.044584895744
986.923953092112,388.92399436633
986.913967582509,388.780838272723
986.898773214508,388.345731938096
986.8762314561,387.941607170193
986.864057839055,387.625402488982
986.858635419673,387.470733116192
986.849140678481,387.274556095295
986.837570175022,387.057613534949
986.828589534946,386.835651787203
986.823999414881,386.606978403381
986.818708834221,386.414430771523
986.810221531939,386.168881736378
986.797346883686,385.921779558562
986.782917593481,385.54619408426
986.766274739754,385.245424087932
986.760720458027,385.170358454353
986.744991949427,384.937072578599
986.734913021795,384.83325630692
986.728059493307,384.651948554848
986.725135445866,384.524244234747
986.711400724246,384.19881262052
986.706424929079,384.005594728782
986.678442466908,383.565209774222
986.663663586006,383.226832069803
986.651910354265,382.943642090127
986.645947659956,382.713309614592
986.640547708728,382.48961811574
986.63836068562,382.440904578153
986.629755094811,382.150618436404
986.615348997193,381.85258465229
986.602286410069,381.644196230709
986.599208181661,381.562744048252
986.580742398257,381.265069334357
986.574125968042,381.07586206706
986.556862373254,380.786916999473
986.541516449253,380.583739789024
986.526435212233,380.34545356988
986.513356544004,380.129191300721
986.499806508767,379.877038085681
986.494255499623,379.616475467948
986.475649894145,379.327822582008
986.468242925002,379.187085287023
986.46262505921,379.014314217108
986.447377507778,378.539966682425
986.432527886741,378.186803383792
986.427760533337,378.099263297648
986.422971409374,377.984302069724
986.417883242628,377.764715582141
986.413970846357,377.61783341735
986.391893264233,377.352741722937
986.381845798724,377.027945654265
986.356411243937,376.563910863105
986.342708069886,376.30419800054
986.335851551672,376.199768490803
986.333837437163,376.111390118485
986.327914580218,375.953472100343
986.315109081906,375.800764865497
986.297849786121,375.619973425101
986.284314566954,375.176917658652
986.267448962508,374.768203780962
986.264237105018,374.616295466637
986.254477504961,374.352997529816
986.247661741832,374.20472820187
986.208348918211,373.56193663044
986.20337014181,373.452522979413
986.201470096742,373.382012795622
986.188973209253,373.080096478416
986.184988891318,373.035036708698
986.176047127641,372.808076879488
986.169166089826,372.723049266741
986.163606707414,372.646221075853
986.144159792345,372.107939354431
986.127184101843,371.701491366369
986.109288153439,371.372221553862
986.106325966666,371.246812187591
986.099618750449,370.783652055702
986.078403353253,370.48877846089
986.05023953596,370.11165260674
986.029556359452,369.755649748964
986.003132341911,369.261717299124
985.988436967135,369.109409749392
985.978378599032,368.929101341018
985.965678641761,368.678800368507
985.959465627958,368.557952769208
985.956306429365,368.274240558624
985.945689523148,367.919574367647
985.914942273663,367.551452434539
985.906619820229,367.414953741075
985.905083178593,367.349607373848
985.902175048748,367.302647143696
985.881867299423,367.052074665365
985.866173107638,366.826922317503
985.85664934233,366.650776808981
985.853219968508,366.593884349982
985.849227923171,366.475709088024
985.844008178086,366.326189444465
985.823206522684,366.076234651321
985.808197509921,365.900462655952
985.801290503675,365.703608259624
985.790618416242,365.575449409642
985.76428343357,365.089240445642
985.749015699791,364.749181635697
985.744547028388,364.636668715188
985.728882649057,364.38742591201
985.706678037839,364.016850914737
985.689248047477,363.582305362448
985.661688930826,363.05964595168
985.632790876853,362.599320310603
985.629245545939,362.531059403328
985.625519622508,362.13626078639
985.593056415567,361.550694122237
985.578398832617,361.331716579237
985.568141966645,361.132204814124
985.537834782078,360.70805700243
985.526191973526,360.473147122837
985.517643864357,360.37339261826
985.508157317286,360.209205130931
985.490350709472,359.937865284486
985.477023075679,359.776112395451
985.460502337764,359.469950101906
985.395119941537,358.134368394486
985.365906098477,357.739315489409
985.344680938484,357.386639409415
985.31760542709,356.945641925067
985.304438033834,356.651463285319
985.284940788898,356.370474198522
985.279446760311,356.19001114569
985.267788259762,355.952177396398
985.263662001457,355.758414286556
985.252720503308,355.641427571083
985.244748233615,355.493123613816
985.236773053665,355.338672277719
985.22845926242,355.184199387773
985.215588912368,355.009583284772
985.192035826979,354.604487501973
985.171316798737,354.331812759738
985.163420612906,354.160679033278
985.155442555373,354.027841507196
985.136576159293,353.66773663002
985.119068489838,353.438722459159
985.11202728353,353.306411441484
985.107838967389,353.16305238158
985.098247191318,353.043127835884
985.072568047457,352.568247138206
985.053150795928,352.304903488961
985.039869686442,351.886884934333
985.028097069025,351.734301084792
984.965888330922,350.495612421101
984.96422378354,350.414690085885
984.962252460616,350.337807686998
984.929566728954,349.700101227871
984.919567167744,349.237905720762
984.865419981516,348.637919978631
984.831824652855,348.092798978781
984.8228847822,347.797615125128
984.820519620842,347.75178637189
984.804041937727,347.519669300408
984.791325932981,347.120128437332
984.773200697068,346.923127130165
984.769418325746,346.848824207445
984.755896723381,346.618759350136
984.72848938234,346.163364288201
984.711340454145,345.98375781364
984.703584778784,345.744441967028
984.698528163319,345.618334020635
984.679510680745,345.322452322251
984.655304648101,344.884326530535
984.62947341221,344.428291072296
984.622079396859,344.186264706927
984.563858384266,343.433493470633
984.556435298026,343.346332213296
984.554926843524,343.276181619763
984.542304017176,343.014198827393
984.519053391083,342.600007913436
984.512426464519,342.327855940349
984.500037079644,342.180539973093
984.49039049517,341.88388891665
984.469302651143,341.639121582592
984.461960421799,341.461260037523
984.444972758929,341.271510804177
984.420683663413,341.029482954461
984.405534484349,340.624094308467
984.387266428107,340.376180929557
984.354409559198,339.520631638857
984.341577365459,339.044383931784
984.336072932429,338.971052984125
984.299488426677,338.424307339503
984.283645948458,338.238608121709
984.254586507359,337.788760581076
984.205755930447,336.7838980298
984.178866219549,336.343914166713
984.140741740238,335.822695710248
984.09124934799,334.9176407713
984.049617032966,334.309004815759
983.967430727945,333.514643403454
983.947720476573,333.093169692283
983.93641123512,332.869433294639
983.909180375617,332.477231044126
983.859428444869,331.756399722419
983.836232150816,330.873786615651
983.825100898568,330.522868183491
983.763311002507,329.70091989631
983.717953990365,329.02588487535
983.6817007692,328.344341280356
983.636074525693,327.664314454335
983.558716990105,326.448152305519
983.549405869585,326.254202039983
983.519791888935,325.716612556548
983.482369185613,325.281041314154
983.423321302925,324.192698904494
983.392478847958,323.59214455915
983.348481988681,322.946762354072
983.342469130556,322.68333863271
983.309547818513,322.246372527442
983.288895718616,321.982942102704
983.234113541164,321.124348093474
983.216493649913,320.683422948282
983.200550266336,320.498342859789
983.197506578705,320.457328832298
983.15769163129,319.902942366567
983.136368076364,319.477903201662
983.128133192697,319.219983018215
983.106340038235,318.933177682877
983.097118061181,318.518318949609
983.086594755676,318.389690071157
983.060199872422,318.03866644642
983.02079678873,317.558983124773
982.971149623304,316.213728272185
982.965870502883,316.028335000271
982.916774834197,315.278285791114
982.8868112173,314.829396314712
982.86143783991,314.566637511429
982.792905550184,313.517463831862
982.77393025984,313.035280470383
982.743482724503,312.628852329519
982.730976898469,312.498051962642
982.708326988821,312.020158147059
982.644345022662,311.309368083276
982.592210523086,310.633385747845
982.563634979831,310.261881453677
982.526200460294,309.324441997521
982.511528328163,309.167642382132
982.480262218467,308.62374379281
982.471696012498,308.424136640214
982.428507889582,307.897589649631
982.359748109857,307.181829532874
982.342139525169,306.52608511973
982.298753910308,306.161890965599
982.235632822009,305.584812987622
982.205764794622,305.310217136758
982.182594600567,304.954372811057
982.133270791625,303.871024691004
982.119513537805,303.711491097082
982.048241474797,303.094903070285
982.005538442796,302.429724507082
981.913070047995,301.487626334758
981.856339380517,301.026414673282
981.814400327461,300.55331301337
981.763327516297,299.983678963778
981.733903215632,299.2995153726
981.697551746695,298.80084091566
981.670216215876,298.454351698038
981.663708319954,298.258084924687
981.632164973429,297.745952809974
981.622102521335,297.62199620953
981.587864353311,297.10484739718
981.580742518479,296.942980705115
981.554616147888,296.451884478275
981.527355306028,296.060385334153
981.478430319446,295.668731991565
981.391396066228,294.873433229518
981.361700024442,294.396323958424
981.340026802799,294.029223530113
981.277497312042,293.512837806059
981.256924074978,292.939161880496
981.24081120566,292.50348817615
981.216229142071,292.260347748869
981.172955899498,291.800120388556
981.16055220743,291.495502996315
981.144770966284,291.203296341645
981.131705390805,290.889497071504
981.076396636018,290.32929715849
981.072490833209,290.289690854864
980.953808006778,288.903601349075
980.856219104337,287.92601598549
980.84815188457,287.670008966918
980.796221423836,286.887117518645
980.776794202669,286.496401826431
980.743336231617,286.158248654876
980.70307275628,285.625425813382
980.645801340235,284.869564641074
980.546411394065,283.586850931218
980.489455199715,282.927394160461
980.458443213866,282.603923656802
980.445042248732,282.441934622148
980.368100494135,281.281656169832
980.344785814139,280.401679734277
980.295499177227,279.969001898666
980.242954255366,279.430771829598
980.136344010581,278.321461526801
980.109465104336,277.815356718358
980.042321226198,277.168919693828
980.012700501249,276.824682819771
979.968222795559,276.468824609871
979.894504674734,275.422865073351
979.883491808289,275.197729515039
979.855776360314,274.489104414676
979.827833064699,274.001460029936
979.796395812249,273.436964678811
979.738466894378,272.72067005931
979.710415415182,272.420405447704
979.655131740212,271.754512606228
979.600993315376,271.211828069058
979.577692691994,269.935012141764
979.555733090036,269.591980220382
979.49511835694,268.972004574288
979.472858069999,268.727532193698
979.458102332304,268.360959823076
979.448891565679,268.293764450999
979.39524070423,267.638570139919
979.380048646972,267.414543318151
979.283524609139,266.235387310284
979.234855092215,264.971353410857
979.162847451718,264.292766263983
979.038148992075,263.085996157701
978.920237883808,261.281968038169
978.808712654515,260.399276176107
978.769897900187,259.100107538218
978.704420892433,258.152531509214
978.571697330554,256.609252035451
978.42545298716,255.140551985408
978.328293806094,254.301582792451
978.299707266473,253.801687694123
978.241438464589,252.746453680383
978.142692829654,251.684304522644
977.985733641844,249.717871332805
977.822574193507,248.324100793194
977.762099198792,247.693680320623
977.66358915632,246.899634602374
977.434298584908,244.725616458583
977.334793733865,243.824406657251
976.989702014111,240.455134877458
976.90469951662,237.880289417507
976.703065731301,235.620500144856
976.617859209233,235.006983859988
976.574732725205,234.673637744826
976.451932464687,233.425771361397
976.211454460267,231.332228405277
976.148784824572,230.739628038379
975.978202674758,229.403166976787
975.767234319556,227.034004619447
975.246391525861,222.848456489751
975.197069656282,222.312359360016
975.063000652703,221.404016443942
974.354150196359,216.007999764451
973.793964577594,211.127243868428
973.641012407233,210.262828687532
973.393611750619,208.134840279653
973.27951776806,206.81321872765
973.167808353737,204.730602221435
972.850405515946,202.447013250508
972.576753710465,199.617309171667
972.419476708797,198.22370469414
971.747058850094,193.290420097754
970.581756382966,181.049851203244
970.112403795416,177.832421987043
969.482660115794,172.005221165991
965.796831248313,151.578081904828
965.186558343085,148.61114375932
963.550115552955,138.847302941985
962.767192215851,135.116393664453
960.96911880825,127.076589379965
960.544146515269,119.550201777701
957.535759980314,90.994478227602
953.608924516196,76.1781531771721
